question,transformed_solution,wrong_step,error_type,description,is_single_error,notes
"Xét phép thử ""Gieo một xúc sắc cân đối và đồng chất"". Biến cố nào dưới đây là biến cố không thể?
A. ""Mặt xuất hiện có số chấm không vượt quá 6"".
B. ""Mặt xuất hiện có 7 chấm"".
C. ""Mặt xuất hiện là số nguyên tố"".
D. ""Mặt xuất hiện có 1 chấm"".","Xúc sắc có 6 mặt, các mặt có số chấm từ 1 đến 6. 
Biến cố không thể là biến cố không xảy ra. 
A. Mặt xuất hiện có số chấm không vượt quá 6: luôn xảy ra.
B. Mặt xuất hiện có 7 chấm: không xảy ra vì xúc sắc chỉ có 6 mặt.
C. Mặt xuất hiện là số nguyên tố: có thể xảy ra (2, 3, 5).
D. Mặt xuất hiện có 1 chấm: có thể xảy ra.
Vậy đáp án là A.",5,MIS,"Misinterpreted the question. The question asks for an *impossible* event, but the student selected an event that *always* happens.",true,The student understood the concept of impossible events but incorrectly identified A as the impossible event.
"Xét phép thử ""Gieo một xúc sắc cân đối và đồng chất"". Biến cố nào dưới đây là biến cố không thể?
A. ""Mặt xuất hiện có số chấm không vượt quá 6"".
B. ""Mặt xuất hiện có 7 chấm"".
C. ""Mặt xuất hiện là số nguyên tố"".
D. ""Mặt xuất hiện có 1 chấm"".","Xúc sắc có 6 mặt. 
A. Mặt xuất hiện có số chấm không vượt quá 6: luôn xảy ra.
B. Mặt xuất hiện có 7 chấm: không xảy ra.
C. Mặt xuất hiện là số nguyên tố: có thể xảy ra.
D. Mặt xuất hiện có 1 chấm: có thể xảy ra.
Vậy đáp án là D.",5,MIS,Misinterpreted the question. The student selected an event that *can* happen instead of an impossible event.,true,The student failed to understand the definition of an impossible event.
"Xét phép thử ""Gieo một xúc sắc cân đối và đồng chất"". Biến cố nào dưới đây là biến cố không thể?
A. ""Mặt xuất hiện có số chấm không vượt quá 6"".
B. ""Mặt xuất hiện có 7 chấm"".
C. ""Mặt xuất hiện là số nguyên tố"".
D. ""Mặt xuất hiện có 1 chấm"".","Xúc sắc có 6 mặt, các mặt có số chấm từ 1 đến 6. 
Biến cố không thể là biến cố có xác suất bằng 0. 
A. Mặt xuất hiện có số chấm không vượt quá 6: xác suất khác 0.
B. Mặt xuất hiện có 7 chấm: xác suất bằng 0.
C. Mặt xuất hiện là số nguyên tố: xác suất khác 0.
D. Mặt xuất hiện có 1 chấm: xác suất khác 0.
Vậy đáp án là B, vì xác suất bằng 0.",1,HA,Introduced the concept of probability without it being relevant to the question. The question doesn't require calculating probability.,true,"The student unnecessarily brought in the concept of probability, complicating the solution."
"Trong mặt phẳng với hệ trục tọa độ Oxy, phương trình nào dưới đây là phương trình chính tắc của Elip (E)?
A. $\frac{x^2}{9} + \frac{y^2}{4} = 1$.
B. $\frac{x^2}{9} - \frac{y^2}{4} = 1$.
C. $\frac{x^2}{16} + \frac{y^2}{9} = 1$.
D. $\frac{x^2}{16} - \frac{y^2}{9} = 1$.","Elip có a = 3, b = 2. Phương trình chính tắc của elip là: x^2/a^2 + y^2/b^2 = 1. Vậy phương trình là x^2/3^2 + y^2/2^2 = 1. Suy ra x^2/9 + y^2/4 = 1.",2,HA,"Incorrectly identified a and b from the given options. The problem doesn't provide a and b, it asks to identify the correct equation from the choices.",true,The student assumed values for 'a' and 'b' without any basis from the problem statement.
"Trong mặt phẳng với hệ trục tọa độ Oxy, phương trình nào dưới đây là phương trình chính tắc của Elip (E)?
A. $\frac{x^2}{9} + \frac{y^2}{4} = 1$.
B. $\frac{x^2}{9} - \frac{y^2}{4} = 1$.
C. $\frac{x^2}{16} + \frac{y^2}{9} = 1$.
D. $\frac{x^2}{16} - \frac{y^2}{9} = 1$.","Phương trình chính tắc của elip là x^2 + y^2 = r^2. Chọn A: x^2/9 + y^2/4 = 1. Nhân cả hai vế với 36, ta được 4x^2 + 9y^2 = 36. Đây không phải là phương trình chính tắc.",1,KNOW,"Incorrectly stated the general equation of an ellipse as x^2 + y^2 = r^2, which is the equation of a circle.",true,The student demonstrated a fundamental misunderstanding of the ellipse equation.
"Trong mặt phẳng với hệ trục tọa độ Oxy, phương trình nào dưới đây là phương trình chính tắc của Elip (E)?
A. $\frac{x^2}{9} + \frac{y^2}{4} = 1$.
B. $\frac{x^2}{9} - \frac{y^2}{4} = 1$.
C. $\frac{x^2}{16} + \frac{y^2}{9} = 1$.
D. $\frac{x^2}{16} - \frac{y^2}{9} = 1$.","Chọn A: x^2/9 + y^2/4 = 1. a^2 = 9, b^2 = 4. a = 3, b = 2. Vậy đây là phương trình chính tắc của elip.",3,MIS,"The student simply verified the equation without understanding the question. The question asks to *identify* the correct equation, not to verify it.",true,The student didn't address the core requirement of the question.
"Trong mặt phẳng với hệ trục tọa độ Oxy, phương trình nào dưới đây là phương trình chính tắc của Elip (E)?
A. $\frac{x^2}{9} + \frac{y^2}{4} = 1$.
B. $\frac{x^2}{9} - \frac{y^2}{4} = 1$.
C. $\frac{x^2}{16} + \frac{y^2}{9} = 1$.
D. $\frac{x^2}{16} - \frac{y^2}{9} = 1$.",Chọn B: x^2/9 - y^2/4 = 1. Đây là phương trình chính tắc của elip vì có dạng x^2/a^2 + y^2/b^2 = 1.,2,CS,"The student states the equation is of the form x^2/a^2 + y^2/b^2 = 1, but the chosen equation is x^2/9 - y^2/4 = 1, which is a contradiction.",true,The student's reasoning is internally inconsistent.
"Một lớp học có 18 nam và 12 nữ. Số cách chọn hai bạn từ lớp học đó, trong đó có một nam và một nữ tham gia đội xung kích nhà trường là:
A. 30.
B. $C_{18}^1C_{12}^1$.
C. $C_{30}^2$.
D. 216.",Số cách chọn 1 bạn nam từ 18 bạn là 18. Số cách chọn 1 bạn nữ từ 12 bạn là 12. Vậy số cách chọn là 18 + 12 = 30.,3,OP,Used addition instead of multiplication to combine the number of ways to choose a boy and a girl.,true,Simple operator error leading to an incorrect final answer.
"Một lớp học có 18 nam và 12 nữ. Số cách chọn hai bạn từ lớp học đó, trong đó có một nam và một nữ tham gia đội xung kích nhà trường là:
A. 30.
B. $C_{18}^1C_{12}^1$.
C. $C_{30}^2$.
D. 216.","Số học sinh nam là 18cm, số học sinh nữ là 12cm. Số cách chọn là 18cm * 12cm = 216 cm^2.",1,UC,"Incorrectly assigned units (cm) to the number of students and performed multiplication with units, resulting in an area unit.",true,Unit conversion error and applying units to a counting problem.
"Một lớp học có 18 nam và 12 nữ. Số cách chọn hai bạn từ lớp học đó, trong đó có một nam và một nữ tham gia đội xung kích nhà trường là:
A. 30.
B. $C_{18}^1C_{12}^1$.
C. $C_{30}^2$.
D. 216.","Số cách chọn 2 bạn nam từ 18 bạn là C(18, 2) = 153. Số cách chọn 2 bạn nữ từ 12 bạn là C(12, 2) = 66. Vậy số cách chọn là 153 + 66 = 219.",1,MIS,Calculated the number of ways to choose two boys or two girls instead of one boy and one girl.,true,Misinterpreted the question's requirement.
"Một lớp học có 18 nam và 12 nữ. Số cách chọn hai bạn từ lớp học đó, trong đó có một nam và một nữ tham gia đội xung kích nhà trường là:
A. 30.
B. $C_{18}^1C_{12}^1$.
C. $C_{30}^2$.
D. 216.",Số cách chọn 1 bạn nam từ 18 bạn là 18. Số cách chọn 1 bạn nữ từ 12 bạn là 12. Vậy số cách chọn là 18 * 12 = 216. Nhưng vì có 30 học sinh nên số cách chọn là 30!,4,FC,Confused the concept of choosing 2 students from 30 with calculating 30 factorial.,true,Applying a factorial calculation inappropriately.
"Tung một đồng xu ba lần liên tiếp. Xác suất của biến cố: ""Mặt sấp xuất hiện đúng 1 lần"".
A. $\frac{1}{8}$
B. $\frac{1}{2}$
C. $\frac{3}{4}$
D. $\frac{3}{8}$","Không gian mẫu: {SSS, SSN, SNS, NSS, NNS, NNN, SNN, NSN}. Có 8 kết quả. Biến cố A: 'Mặt sấp xuất hiện đúng 1 lần' có 2 kết quả: SNN, NSN. Vậy P(A) = 2/8 = 1/4.",2,CO,"Incorrectly counted the number of favorable outcomes. There are 3 outcomes with exactly one head (SNN, NSN, NNS), but the student missed one.",true,This is a common counting error where a student correctly identifies the sample space but fails to list all the successful outcomes.
"Tung một đồng xu ba lần liên tiếp. Xác suất của biến cố: ""Mặt sấp xuất hiện đúng 1 lần"".
A. $\frac{1}{8}$
B. $\frac{1}{2}$
C. $\frac{3}{4}$
D. $\frac{3}{8}$",Có 2 khả năng: mặt sấp hoặc mặt ngửa. Xác suất mặt sấp xuất hiện đúng 1 lần là 1/2.,1,MS,The solution completely ignores the fact that the coin is tossed three times. It oversimplifies the problem to a single toss.,true,"This error stems from misunderstanding the problem's premise, reducing a multi-stage experiment to a single event."
"Tung một đồng xu ba lần liên tiếp. Xác suất của biến cố: ""Mặt sấp xuất hiện đúng 1 lần"".
A. $\frac{1}{8}$
B. $\frac{1}{2}$
C. $\frac{3}{4}$
D. $\frac{3}{8}$",Xác suất mặt sấp xuất hiện đúng 1 lần là 1/8 vì chỉ có một trường hợp thuận lợi (SNN) trong 8 trường hợp có thể.,2,CO,"Incorrectly identified the number of favorable outcomes. The student recognized only one permutation (SNN) and failed to consider the other possibilities (NSN, NNS).",true,This is a very natural mistake where the student correctly calculates the probability of one specific sequence but forgets to account for all possible orderings.
"Tung một đồng xu ba lần liên tiếp. Xác suất của biến cố: ""Mặt sấp xuất hiện đúng 1 lần"".
A. $\frac{1}{8}$
B. $\frac{1}{2}$
C. $\frac{3}{4}$
D. $\frac{3}{8}$","Tung đồng xu 3 lần, xác suất mặt sấp xuất hiện đúng 1 lần là 1/2. Vì có 3 lần tung nên kết quả phải là 1/2 * 3 = 3/2.",2,CAL,"Incorrectly applies a multiplication principle and arrives at a probability greater than 1, which is impossible.",true,"This error combines the oversimplification of the initial probability with an incorrect attempt to account for the multiple trials, a common mistake for beginners."
"Trong hộp có 10 chiếc bút xanh và 5 chiếc bút đỏ. Chọn ngẫu nhiên ra 3 chiếc bút. Số cách chọn được 2 chiếc bút xanh và 1 chiếc bút đỏ là:
A. 100.
B. 155.
C. 225.
D. 50.","Số cách chọn 2 bút xanh từ 10 bút là: C(10,2) = 10!/(2!8!) = 45. Số cách chọn 1 bút đỏ từ 5 bút là: C(5,1) = 5!/(1!4!) = 5. Vậy số cách chọn 2 bút xanh và 1 bút đỏ là: 45 + 5 = 50.",3,CAL,"Incorrectly used the addition rule instead of the multiplication rule. For a multi-step selection process ('choose 2 blue pens AND 1 red pen'), the number of ways should be multiplied.",true,This is a very common conceptual error where students confuse the rule of sum with the rule of product.
"Trong hộp có 10 chiếc bút xanh và 5 chiếc bút đỏ. Chọn ngẫu nhiên ra 3 chiếc bút. Số cách chọn được 2 chiếc bút xanh và 1 chiếc bút đỏ là:
A. 100.
B. 155.
C. 225.
D. 50.","Số cách chọn 2 bút xanh từ 10 bút là: P(10,2) = 10*9 = 90. Số cách chọn 1 bút đỏ từ 5 bút là: C(5,1) = 5. Vậy số cách chọn 2 bút xanh và 1 bút đỏ là: 90 * 5 = 450.",1,CAL,"Incorrectly calculated the number of ways to choose 2 blue pens using permutations (P) instead of combinations (C), thus failing to account for the fact that the order of selection does not matter.",true,Confusing permutations with combinations is a frequent mistake when students are learning both concepts.
"Gieo một đồng xu hai lần liên tiếp, ta có không gian mẫu là:
A. {S; N}.
B. {SS; NN}.
C. {SS; SN; NS; NN}.
D. {S; N; SN}.","Gieo một đồng xu hai lần liên tiếp, kết quả có thể là mặt sấp (S) hoặc mặt ngửa (N). Vậy không gian mẫu là {S, N}.",1,MIS,"Misinterpreted the question. The solution provides the sample space for a single coin toss, completely ignoring that the action is performed twice.",true,This is a very common error where the student oversimplifies the problem and does not account for all stages of the experiment.
"Gieo một đồng xu hai lần liên tiếp, ta có không gian mẫu là:
A. {S; N}.
B. {SS; NN}.
C. {SS; SN; NS; NN}.
D. {S; N; SN}.",Gieo một đồng xu hai lần liên tiếp. Các kết quả có thể xảy ra là cả hai lần đều sấp hoặc cả hai lần đều ngửa. Vậy không gian mẫu là {SS; NN}.,1,CO,Incorrectly listed the possible outcomes by omitting the mixed results (SN and NS). The student only considered cases where the outcomes of the two tosses are the same.,true,"This is a frequent mistake where students fail to consider all possible combinations, especially those where the outcomes are different."
"Gieo một đồng xu hai lần liên tiếp, ta có không gian mẫu là:
A. {S; N}.
B. {SS; NN}.
C. {SS; SN; NS; NN}.
D. {S; N; SN}.",Gieo một đồng xu hai lần liên tiếp. Không gian mẫu là {SS; NN; SN; NS; SS}.,1,CAL,"Made a clerical error by repeating an element (SS) in the sample space. While the student identified all correct outcomes, the final set is technically incorrect due to the duplication.",true,"This represents a common mistake of carelessness, where the concept is understood but the execution is flawed."
"Gieo một đồng xu hai lần liên tiếp, ta có không gian mẫu là:
A. {S; N}.
B. {SS; NN}.
C. {SS; SN; NS; NN}.
D. {S; N; SN}.",Gieo một đồng xu hai lần liên tiếp. Không gian mẫu là {S; N; SS; NN; SN; NS}.,1,HA,"Incorrectly constructed the sample space by including outcomes for both a single toss ({S, N}) and a double toss ({SS, NN, SN, NS}).",true,"This error demonstrates confusion, where the student includes all possible outcomes they can think of without correctly defining the boundaries of the experiment's sample space."
"Trong mặt phẳng với hệ trục tọa độ Oxy, tọa độ tâm I và bán kính R của đường tròn (C) : $(x-2)^2 + (y+3)^2 = 9$ là:
A. I(-2; 3); R = 3.
B. I(2; -3); R = 3.
C. I(-2; 3); R = 9.
D. I(2; -3); R = 9.","Phương trình đường tròn có dạng (x-a)^2 + (y-b)^2 = R^2. So sánh với (x-2)^2 + (y+3)^2 = 9, ta có a = -2, b = 3, R^2 = 9 => R = 3. Vậy tâm I(-2; 3) và bán kính R = 3.",2,OP,Incorrectly determined the coordinates of the center. The student likely took the numbers directly from the equation (-2 and 3) without inverting the signs as required by the formula (x-a) and (y-b).,true,This is a very common sign error when identifying the center of a circle from its standard equation.
"Trong mặt phẳng với hệ trục tọa độ Oxy, tọa độ tâm I và bán kính R của đường tròn (C) : $(x-2)^2 + (y+3)^2 = 9$ là:
A. I(-2; 3); R = 3.
B. I(2; -3); R = 3.
C. I(-2; 3); R = 9.
D. I(2; -3); R = 9.","Phương trình đường tròn có dạng (x-a)^2 + (y-b)^2 = R^2. So sánh với (x-2)^2 + (y+3)^2 = 9, ta có a = 2, b = 3, R^2 = 9 => R = 3. Vậy tâm I(2; 3) và bán kính R = 3.",2,OP,"Incorrectly identified the y-coordinate of the center. While correctly identifying 'a' as 2, the student failed to invert the sign for the y-coordinate, taking 'b' as 3 instead of -3.",true,"This demonstrates a partial sign error, another frequent mistake."
"Trong mặt phẳng với hệ trục tọa độ Oxy, tọa độ tâm I và bán kính R của đường tròn (C) : $(x-2)^2 + (y+3)^2 = 9$ là:
A. I(-2; 3); R = 3.
B. I(2; -3); R = 3.
C. I(-2; 3); R = 9.
D. I(2; -3); R = 9.","Phương trình đường tròn có dạng (x-a)^2 + (y-b)^2 = R^2. So sánh với (x-2)^2 + (y+3)^2 = 9, ta có tâm I(2; -3) và bán kính R = 9.",2,CV,"Incorrectly determined the radius. The student identified the constant term 9 as the radius R, instead of R-squared, failing to take the square root.",true,Confusing R with R^2 is one of the most common errors for this type of problem.
"Một tổ có 10 học sinh. Số cách chọn ra 2 học sinh từ tổ đó để làm tổ trưởng và tổ phó là:
A. $A_{10}^2$.
B. $A_{10}^1$.
C. $C_{10}^2$.
D. $10^2$.","Vì cần chọn 2 học sinh từ 10 học sinh, không quan trọng thứ tự nên ta dùng tổ hợp. Số cách chọn là C(10,2) = 10!/(2!8!) = (10*9)/2 = 45.",1,MIS,"Misinterprets the question. The problem requires selecting a leader and a deputy, implying order matters, thus it's a permutation, not a combination.",true,The student incorrectly assumes order doesn't matter.
"Gieo một con xúc sắc cân đối hai lần liên tiếp. Xác suất của biến cố: ""Số chấm xuất hiện ở hai lần gieo như nhau"" bằng:
A. $\frac{35}{36}$.
B. $\frac{1}{36}$.
C. $\frac{5}{36}$.
D. $\frac{5}{6}$.","Có 6 khả năng cho lần gieo đầu tiên và 6 khả năng cho lần gieo thứ hai, tổng cộng 12 khả năng. Các khả năng để số chấm giống nhau là (1,1), (2,2), (3,3), (4,4), (5,5), (6,6). Vậy xác suất là 6/12 = 1/2.",1,CO,Incorrectly calculates the total number of possible outcomes as 12 instead of 36 (6 * 6).,true,The student fails to recognize the independence of the two dice rolls and incorrectly calculates the sample space.
"Gieo một con xúc sắc cân đối hai lần liên tiếp. Xác suất của biến cố: ""Số chấm xuất hiện ở hai lần gieo như nhau"" bằng:
A. $\frac{35}{36}$.
B. $\frac{1}{36}$.
C. $\frac{5}{36}$.
D. $\frac{5}{6}$.","Xác suất để số chấm xuất hiện ở hai lần gieo như nhau là 1/36. Vì có 36 kết quả có thể xảy ra, và chỉ có một kết quả là số chấm giống nhau.",2,CO,"Incorrectly states there is only one outcome where the numbers are the same. There are six: (1,1), (2,2), etc.",true,The student miscounts the favorable outcomes.
"Gieo một con xúc sắc cân đối hai lần liên tiếp. Xác suất của biến cố: ""Số chấm xuất hiện ở hai lần gieo như nhau"" bằng:
A. $\frac{35}{36}$.
B. $\frac{1}{36}$.
C. $\frac{5}{36}$.
D. $\frac{5}{6}$.","Xác suất để số chấm xuất hiện ở hai lần gieo như nhau là 1/6. Vì mỗi lần gieo xúc xắc có 6 mặt, nên xác suất để hai lần gieo ra cùng một số là 1/6.",2,REAS,"Incorrectly assumes that the probability of the second roll matching the first is simply 1/6, without considering the first roll's outcome.",true,The student doesn't account for the independence of the events.
"Gieo một con xúc sắc cân đối hai lần liên tiếp. Xác suất của biến cố: ""Số chấm xuất hiện ở hai lần gieo như nhau"" bằng:
A. $\frac{35}{36}$.
B. $\frac{1}{36}$.
C. $\frac{5}{36}$.
D. $\frac{5}{6}$.",Xác suất để số chấm xuất hiện ở hai lần gieo như nhau là 1/2. Vì số chấm chẵn và số chấm lẻ có xác suất bằng nhau.,1,REAS,Incorrectly relates the probability to even and odd numbers. This is irrelevant to the question of matching numbers.,true,The student introduces an irrelevant concept (even/odd) and attempts to apply it to the problem.
"Trong mặt phẳng tọa độ Oxy, phương trình tiếp tuyến với đường tròn (C) : $x^2 + y^2 = 4$ tại điểm M(2; 0) là:
A. x - 2 = 0.
B. y - 4 = 0.
C. y - 2 = 0.
D. x + y - 2 = 0.","Đường tròn (C): x^2 + y^2 = 4. M(2; 0). Tiếp tuyến có dạng y = kx + b. Thay M vào: 0 = 2k + b => b = -2k. Vậy phương trình tiếp tuyến là y = kx - 2k. Chọn k = 1, ta có y = x - 2.",2,MIS,"Incorrectly assumed the tangent has the form y = kx + b. This is a valid line equation, but doesn't guarantee it's the tangent to the circle.",true,The student didn't use the geometric property of the tangent being perpendicular to the radius at the point of tangency.
"Trong mặt phẳng tọa độ Oxy, phương trình tiếp tuyến với đường tròn (C) : $x^2 + y^2 = 4$ tại điểm M(2; 0) là:
A. x - 2 = 0.
B. y - 4 = 0.
C. y - 2 = 0.
D. x + y - 2 = 0.",Đường tròn (C): x^2 + y^2 = 4. M(2; 0). Hệ số góc của OM là 0. Vậy phương trình tiếp tuyến là y = 0.,3,REAS,"Incorrectly concluded that the tangent is y=0. While OM is horizontal, the tangent is perpendicular to OM at M, so it's a vertical line.",true,The student failed to correctly apply the perpendicularity relationship between the radius and the tangent.
"Trong mặt phẳng tọa độ Oxy, phương trình tiếp tuyến với đường tròn (C) : $x^2 + y^2 = 4$ tại điểm M(2; 0) là:
A. x - 2 = 0.
B. y - 4 = 0.
C. y - 2 = 0.
D. x + y - 2 = 0.","Đường tròn (C): x^2 + y^2 = 4. M(2; 0). Tiếp tuyến có hệ số góc k. Phương trình: y - 0 = k(x - 2) => y = kx - 2k. Vì tiếp tuyến vuông góc với bán kính, k = 0. Vậy y = 0.",3,REAS,"Incorrectly assumed k=0 because the tangent is perpendicular to the radius. The radius OM has slope 0, so the tangent must be vertical, meaning it has an undefined slope, not 0.",true,Misunderstanding of the relationship between the slope of the radius and the tangent.
"Trong mặt phẳng tọa độ Oxy, phương trình tiếp tuyến với đường tròn (C) : $x^2 + y^2 = 4$ tại điểm M(2; 0) là:
A. x - 2 = 0.
B. y - 4 = 0.
C. y - 2 = 0.
D. x + y - 2 = 0.",Đường tròn (C): x^2 + y^2 = 4. M(2; 0). Phương trình tiếp tuyến là x^2 + y^2 - 4 = 0. Thay M vào: 4 + 0 - 4 = 0. Vậy phương trình đúng.,2,MIS,"The student simply restated the equation of the circle and verified that the point lies on it, which doesn't determine the tangent line.",true,The student didn't understand the task of finding the tangent line.
"Trên giá sách có 10 cuốn tiểu thuyết, 8 quyển truyện ngắn và 2 cuốn hồi kí. Một bạn chọn ra 3 quyển để đọc.
a) Xác suất của biến cố ""Ba quyển được chọn đều là tiểu thuyết"" bằng $\frac{3}{20}$.
b) Xác suất của biến cố: ""Ba quyển được chọn thuộc ba thể loại khác nhau"" bằng $\frac{8}{57}$.
c) Xác suất của biến cố: ""Ba quyển được chọn thuộc cùng một thể loại"" bằng $\frac{68}{95}$.
d) Xác suất của biến cố: ""Ít nhất một quyển hồi kí được chọn"" bằng $\frac{46}{57}$.","b) Số cách chọn 3 quyển thuộc ba thể loại khác nhau là C(10,1) + C(8,1) + C(2,1) = 10 + 8 + 2 = 20. Tổng số cách chọn 3 cuốn là C(20,3) = 1140. Xác suất là 20/1140 = 1/57.",1,FC,Incorrectly applying the combination formula. The student added the number of choices for each category instead of multiplying them.,true,The student confused addition with multiplication when calculating the number of ways to choose one book from each category.
"Trên giá sách có 10 cuốn tiểu thuyết, 8 quyển truyện ngắn và 2 cuốn hồi kí. Một bạn chọn ra 3 quyển để đọc.
a) Xác suất của biến cố ""Ba quyển được chọn đều là tiểu thuyết"" bằng $\frac{3}{20}$.
b) Xác suất của biến cố: ""Ba quyển được chọn thuộc ba thể loại khác nhau"" bằng $\frac{8}{57}$.
c) Xác suất của biến cố: ""Ba quyển được chọn thuộc cùng một thể loại"" bằng $\frac{68}{95}$.
d) Xác suất của biến cố: ""Ít nhất một quyển hồi kí được chọn"" bằng $\frac{46}{57}$.","a) Số cách chọn 3 cuốn tiểu thuyết là C(10,3) = 120. Tổng số cách chọn 3 cuốn là C(20,3) = 1140. Xác suất là 120/20 = 6.",3,CAL,Incorrect denominator. The student divided by 20 instead of 1140.,true,"The incorrect denominator leads to a probability greater than 1, which is impossible."
"Cho nhị thức $(3x-2)^5$.
a) Số hạng chứa $x^3$ trong khai triển Newton của nhị thức trên là 243x³.
b) Hệ số của số hạng chứa $x^4$ trong khai triển Newton của nhị thức trên là –720.
c) Số hạng không chứa x trong khai triển Newton của nhị thức trên là –32.
d) Tổng các hệ số trong khai triển Newton của nhị thức bằng 1.",d) Tổng các hệ số trong khai triển Newton của $(3x-2)^5$ bằng cách thay x = 0 vào biểu thức. Vậy $(3*0 - 2)^5 = (-2)^5 = -32$.,1,KNOW,"Incorrect method to find the sum of coefficients. The student should substitute x = 1, but they substituted x = 0, which is the method to find the constant term.",true,Conceptual error in applying the wrong method.
"Cho nhị thức $(3x-2)^5$.
a) Số hạng chứa $x^3$ trong khai triển Newton của nhị thức trên là 243x³.
b) Hệ số của số hạng chứa $x^4$ trong khai triển Newton của nhị thức trên là –720.
c) Số hạng không chứa x trong khai triển Newton của nhị thức trên là –32.
d) Tổng các hệ số trong khai triển Newton của nhị thức bằng 1.","d) Tổng các hệ số trong khai triển Newton của $(3x-2)^5$ là 1 vì theo định lý nhị thức, tổng các hệ số luôn bằng 1.",1,KNOW,"Incorrect understanding of how to find the sum of coefficients. It's found by setting x=1, not assuming it's always 1. The student is incorrectly recalling or overgeneralizing a theorem.",true,"Incorrect concept application. The answer happens to be correct for this specific binomial, but the reasoning is flawed."
"Cho nhị thức $(3x-2)^5$.
a) Số hạng chứa $x^3$ trong khai triển Newton của nhị thức trên là 243x³.
b) Hệ số của số hạng chứa $x^4$ trong khai triển Newton của nhị thức trên là –720.
c) Số hạng không chứa x trong khai triển Newton của nhị thức trên là –32.
d) Tổng các hệ số trong khai triển Newton của nhị thức bằng 1.",b) Hệ số của số hạng chứa $x^4$ trong khai triển Newton của $(3x-2)^5$ là $C^5_4 (3x)^4 (-2)^1 = 5 * 81x^4 * (-2) = -162x^4$. Vậy hệ số là -162.,1,CAL,Incorrect calculation: 5 * 81 * (-2) = -162 instead of -810. The student may have performed 2*81 and ignored the factor of 5.,true,Arithmetic error.
"Trong mặt phẳng Oxy, cho hai điểm A(3; –3); B(–3; –1), đường thẳng d : 4x – 3y – 2 = 0 và đường thẳng Δ: 2x + 3y + 12 = 0.
a) Đường thẳng đi qua điểm A và vuông góc với đường thẳng d có phương trình 4x + 3y – 3 = 0.
b) Đường tròn đường kính AB có phương trình $(x-1)^2 + (y+4)^2 = 20$.
c) Đường tròn tâm B tiếp xúc với đường thẳng d có phương trình $(x+1)^2 + (y+5)^2 = \frac{81}{25}$.
d) Có 2 phương trình tiếp tuyến của đường tròn đường kính AB song song với đường thẳng Δ.",a) Đường thẳng d có hệ số góc m = 4/3. Đường thẳng vuông góc với d có hệ số góc m' = -3/4. Phương trình đường thẳng đi qua A(3; -3) và có hệ số góc -3/4 là: y + 3 = -3/4(x - 3) => 4y + 12 = -3x + 9 => 3x + 4y - 3 = 0.,3,OP,"Incorrect sign in the final equation. Should be +3, but written as -3.",true,"Simple sign error when rearranging constants: 12 - 9 = 3, but the student wrote -3."
"Trong mặt phẳng Oxy, cho hai điểm A(3; –3); B(–3; –1), đường thẳng d : 4x – 3y – 2 = 0 và đường thẳng Δ: 2x + 3y + 12 = 0.
a) Đường thẳng đi qua điểm A và vuông góc với đường thẳng d có phương trình 4x + 3y – 3 = 0.
b) Đường tròn đường kính AB có phương trình $(x-1)^2 + (y+4)^2 = 20$.
c) Đường tròn tâm B tiếp xúc với đường thẳng d có phương trình $(x+1)^2 + (y+5)^2 = \frac{81}{25}$.
d) Có 2 phương trình tiếp tuyến của đường tròn đường kính AB song song với đường thẳng Δ.",b) Tâm của đường tròn là trung điểm I của AB: I((3-3)/2; (-3-1)/2) = (0; -2). Bán kính R = AB/2 = sqrt((3+3)^2 + (-3+1)^2)/2 = sqrt(36+4)/2 = sqrt(40)/2 = 2. Phương trình đường tròn là (x-0)^2 + (y+2)^2 = 4 => x^2 + (y+2)^2 = 4.,2,CAL,Incorrect calculation of the radius. sqrt(40)/2 is not equal to 2. It should be sqrt(10).,true,Arithmetic error in simplifying the square root.
"Trong mặt phẳng Oxy, cho hai điểm A(3; –3); B(–3; –1), đường thẳng d : 4x – 3y – 2 = 0 và đường thẳng Δ: 2x + 3y + 12 = 0.
a) Đường thẳng đi qua điểm A và vuông góc với đường thẳng d có phương trình 4x + 3y – 3 = 0.
b) Đường tròn đường kính AB có phương trình $(x-1)^2 + (y+4)^2 = 20$.
c) Đường tròn tâm B tiếp xúc với đường thẳng d có phương trình $(x+1)^2 + (y+5)^2 = \frac{81}{25}$.
d) Có 2 phương trình tiếp tuyến của đường tròn đường kính AB song song với đường thẳng Δ.",d) Có 3 phương trình tiếp tuyến của đường tròn đường kính AB song song với đường thẳng Δ.,1,CO,"Incorrect counting of the number of tangent lines. There are 2, not 3.",true,Simple counting mistake.
"Trong mặt phẳng với hệ trục tọa độ xét:
a) Tập hợp tất cả điểm M(x; y) nằm trên hypebol (H) : $\frac{x^2}{4} - \frac{y^2}{3} = 1$ luôn luôn thỏa mãn hệ thức $|MF_1 + MF_2| = 4$.
b) Elip (E) : $\frac{x^2}{25} + \frac{y^2}{16} = 1$ có một tiêu điểm là $F_1(0; -3)$.
c) Đường thẳng x = –6 là phương trình đường chuẩn của parabol (P) : $y^2 = 24x$.
d) Elip (E) : $\frac{x^2}{5} + \frac{y^2}{4} = 1$ có diện tích hình chữ nhật cơ sở là $20\sqrt{2}$.","a) Hypebol có a^2 = 4, b^2 = 3. Vậy 2a = 4, a = 2. Do đó |MF1 + MF2| = 2a = 4. Vậy tập hợp tất cả điểm M(x; y) nằm trên hypebol (H) luôn luôn thỏa mãn hệ thức |MF1 + MF2| = 4.",2,KNOW,"Sai kiến thức về hypebol. Công thức đúng là |MF1 - MF2| = 2a, không phải |MF1 + MF2| = 2a.",true,Lỗi kiến thức cơ bản về định nghĩa hypebol.
"Trong mặt phẳng với hệ trục tọa độ xét:
a) Tập hợp tất cả điểm M(x; y) nằm trên hypebol (H) : $\frac{x^2}{4} - \frac{y^2}{3} = 1$ luôn luôn thỏa mãn hệ thức $|MF_1 + MF_2| = 4$.
b) Elip (E) : $\frac{x^2}{25} + \frac{y^2}{16} = 1$ có một tiêu điểm là $F_1(0; -3)$.
c) Đường thẳng x = –6 là phương trình đường chuẩn của parabol (P) : $y^2 = 24x$.
d) Elip (E) : $\frac{x^2}{5} + \frac{y^2}{4} = 1$ có diện tích hình chữ nhật cơ sở là $20\sqrt{2}$.",c) Đường thẳng x = –6 là phương trình đường chuẩn của parabol (P) : y^2 = 24x. p = 24/2 = 12. Đường chuẩn là x = -p = -12. Vậy x = -6 không phải là phương trình đường chuẩn.,2,CAL,"Tính toán sai. p = 24/4 = 6, không phải 12.",true,Lỗi tính toán dẫn đến kết quả sai.
"Trong mặt phẳng với hệ trục tọa độ xét:
a) Tập hợp tất cả điểm M(x; y) nằm trên hypebol (H) : $\frac{x^2}{4} - \frac{y^2}{3} = 1$ luôn luôn thỏa mãn hệ thức $|MF_1 + MF_2| = 4$.
b) Elip (E) : $\frac{x^2}{25} + \frac{y^2}{16} = 1$ có một tiêu điểm là $F_1(0; -3)$.
c) Đường thẳng x = –6 là phương trình đường chuẩn của parabol (P) : $y^2 = 24x$.
d) Elip (E) : $\frac{x^2}{5} + \frac{y^2}{4} = 1$ có diện tích hình chữ nhật cơ sở là $20\sqrt{2}$.","d) Elip (E) : x^2/5 + y^2/4 = 1. a^2 = 5, b^2 = 4. Diện tích hình chữ nhật cơ sở là (2a)(2b) = 4ab = 4*sqrt(5)*2 = 8*sqrt(5).",2,CAL,"Tính toán sai. 4ab = 4 * sqrt(5) * 2 = 8*sqrt(5), không phải 20*sqrt(2).",true,Lỗi tính toán diện tích hình chữ nhật cơ sở.
"Trong mặt phẳng với hệ trục tọa độ xét:
a) Tập hợp tất cả điểm M(x; y) nằm trên hypebol (H) : $\frac{x^2}{4} - \frac{y^2}{3} = 1$ luôn luôn thỏa mãn hệ thức $|MF_1 + MF_2| = 4$.
b) Elip (E) : $\frac{x^2}{25} + \frac{y^2}{16} = 1$ có một tiêu điểm là $F_1(0; -3)$.
c) Đường thẳng x = –6 là phương trình đường chuẩn của parabol (P) : $y^2 = 24x$.
d) Elip (E) : $\frac{x^2}{5} + \frac{y^2}{4} = 1$ có diện tích hình chữ nhật cơ sở là $20\sqrt{2}$.",c) Đường thẳng x = –6 là phương trình đường chuẩn của parabol (P) : y^2 = 24x. p = 12. Vậy đường chuẩn là x = -12. Do đó x = -6 sai.,1,UC,"Sai khi xác định p. p = 24/4 = 6, không phải 12.",true,Lỗi trong việc xác định tham số p.
"Trong mặt phẳng với hệ trục tọa độ xét:
a) Tập hợp tất cả điểm M(x; y) nằm trên hypebol (H) : $\frac{x^2}{4} - \frac{y^2}{3} = 1$ luôn luôn thỏa mãn hệ thức $|MF_1 + MF_2| = 4$.
b) Elip (E) : $\frac{x^2}{25} + \frac{y^2}{16} = 1$ có một tiêu điểm là $F_1(0; -3)$.
c) Đường thẳng x = –6 là phương trình đường chuẩn của parabol (P) : $y^2 = 24x$.
d) Elip (E) : $\frac{x^2}{5} + \frac{y^2}{4} = 1$ có diện tích hình chữ nhật cơ sở là $20\sqrt{2}$.","b) Elip (E) : x^2/25 + y^2/16 = 1. a^2 = 25, b^2 = 16. c^2 = a^2 + b^2 = 41. Vậy c = sqrt(41). Tiêu điểm F1(0; -3) thỏa mãn.",2,KNOW,Sai công thức tính c^2. c^2 = a^2 - b^2 đối với elip.,true,Lỗi kiến thức về elip.
"Trên mặt phẳng Oxy, ta xét một hình chữ nhật ABCD với các điểm A(–1; –1); B(3; 3); C(4; 3) và D(4; –1). Một con châu chấu nhảy trong hình chữ nhật đó tính cả trên cạnh hình chữ nhật sao cho chân nó luôn đáp xuống mặt phẳng tại các điểm có tọa độ nguyên (tức là điểm có cả hoành độ và tung độ đều nguyên). Tính xác suất để nó đáp xuống các điểm M(x; y) sao cho x + y ≤ 1 (Làm tròn kết quả đến hàng phần trăm).","Các điểm có tọa độ nguyên trong hình chữ nhật ABCD là: A(-1;-1), B(3;3), C(4;3), D(4;-1) và các điểm trên cạnh. Số điểm có tọa độ nguyên trên cạnh AB là 5, trên cạnh BC là 1, trên cạnh CD là 5, trên cạnh DA là 1. Tổng số điểm là 5+1+5+1 = 12. Các điểm thỏa mãn x+y <= 1 là A(-1;-1). Vậy xác suất là 1/12 = 0.08.",2,CAL,Incorrectly counted the number of integer points on the edges. The number of integer points on each edge is not simply 5 or 1.,true,The incorrect count of integer points on the edges leads to a wrong total number of points and thus an incorrect probability.
"Trên mặt phẳng Oxy, ta xét một hình chữ nhật ABCD với các điểm A(–1; –1); B(3; 3); C(4; 3) và D(4; –1). Một con châu chấu nhảy trong hình chữ nhật đó tính cả trên cạnh hình chữ nhật sao cho chân nó luôn đáp xuống mặt phẳng tại các điểm có tọa độ nguyên (tức là điểm có cả hoành độ và tung độ đều nguyên). Tính xác suất để nó đáp xuống các điểm M(x; y) sao cho x + y ≤ 1 (Làm tròn kết quả đến hàng phần trăm).",Hình chữ nhật ABCD có chiều dài AB = sqrt((3-(-1))^2 + (3-(-1))^2) = sqrt(32) = 4*sqrt(2). Chiều rộng BC = sqrt((4-3)^2 + (3-3)^2) = 1. Diện tích hình chữ nhật là 4*sqrt(2). Các điểm thỏa mãn x+y <= 1 là phần diện tích nằm dưới đường thẳng x+y=1. Xác suất là (Diện tích phần thỏa mãn) / (Diện tích hình chữ nhật).,1,FC,"Using distance formula to calculate the length of AB, but the problem requires counting integer points, not calculating area.",true,The solution incorrectly attempts to calculate areas and probabilities based on continuous dimensions instead of discrete points.
"Trên mặt phẳng Oxy, ta xét một hình chữ nhật ABCD với các điểm A(–1; –1); B(3; 3); C(4; 3) và D(4; –1). Một con châu chấu nhảy trong hình chữ nhật đó tính cả trên cạnh hình chữ nhật sao cho chân nó luôn đáp xuống mặt phẳng tại các điểm có tọa độ nguyên (tức là điểm có cả hoành độ và tung độ đều nguyên). Tính xác suất để nó đáp xuống các điểm M(x; y) sao cho x + y ≤ 1 (Làm tròn kết quả đến hàng phần trăm).","Các điểm có tọa độ nguyên trong hình chữ nhật ABCD là: A(-1;-1), B(3;3), C(4;3), D(4;-1). Tổng số điểm là 4. Các điểm thỏa mãn x+y <= 1 là A(-1;-1). Vậy xác suất là 1/4 = 0.25.",2,KNOW,Incorrectly assumed that only the vertices are the integer coordinate points within the rectangle.,true,The student failed to consider integer points on the edges and within the rectangle.
"Trên mặt phẳng Oxy, ta xét một hình chữ nhật ABCD với các điểm A(–1; –1); B(3; 3); C(4; 3) và D(4; –1). Một con châu chấu nhảy trong hình chữ nhật đó tính cả trên cạnh hình chữ nhật sao cho chân nó luôn đáp xuống mặt phẳng tại các điểm có tọa độ nguyên (tức là điểm có cả hoành độ và tung độ đều nguyên). Tính xác suất để nó đáp xuống các điểm M(x; y) sao cho x + y ≤ 1 (Làm tròn kết quả đến hàng phần trăm).","Hình chữ nhật ABCD có các đỉnh A(-1;-1), B(3;3), C(4;3), D(4;-1). Số điểm có tọa độ nguyên trong hình chữ nhật là (3 - (-1) + 1) * (3 - (-1) + 1) = 5 * 5 = 25. Các điểm thỏa mãn x+y <= 1 là những điểm nằm dưới đường thẳng x+y=1. Xác suất là (Số điểm thỏa mãn) / 25.",2,FC,Incorrectly calculated the total number of integer points by treating the rectangle as a square and using a formula for counting points in a grid.,true,The student incorrectly applied a counting formula suitable for a square grid to a rectangle.
"Trên mặt phẳng Oxy, ta xét một hình chữ nhật ABCD với các điểm A(–1; –1); B(3; 3); C(4; 3) và D(4; –1). Một con châu chấu nhảy trong hình chữ nhật đó tính cả trên cạnh hình chữ nhật sao cho chân nó luôn đáp xuống mặt phẳng tại các điểm có tọa độ nguyên (tức là điểm có cả hoành độ và tung độ đều nguyên). Tính xác suất để nó đáp xuống các điểm M(x; y) sao cho x + y ≤ 1 (Làm tròn kết quả đến hàng phần trăm).",Tổng số điểm có tọa độ nguyên trong hình chữ nhật là (4+1) * (3+1) = 20. Các điểm thỏa mãn x+y <= 1 là A(-1;-1). Vậy xác suất là 1/20 = 0.05.,1,CAL,Incorrectly calculated the total number of integer points. The calculation doesn't accurately represent the range of x and y values within the rectangle.,true,"The calculation of the total number of points is wrong, leading to an incorrect probability."
"Trên mặt phẳng Oxy, ta xét một hình chữ nhật ABCD với các điểm A(–1; –1); B(3; 3); C(4; 3) và D(4; –1). Một con châu chấu nhảy trong hình chữ nhật đó tính cả trên cạnh hình chữ nhật sao cho chân nó luôn đáp xuống mặt phẳng tại các điểm có tọa độ nguyên (tức là điểm có cả hoành độ và tung độ đều nguyên). Tính xác suất để nó đáp xuống các điểm M(x; y) sao cho x + y ≤ 1 (Làm tròn kết quả đến hàng phần trăm).",Hình chữ nhật ABCD có diện tích (4 - (-1)) * (3 - (-1)) = 5 * 4 = 20. Các điểm thỏa mãn x+y <= 1 là những điểm nằm dưới đường thẳng x+y=1. Xác suất là (Diện tích thỏa mãn) / 20.,1,MIS,"The question asks for the probability of landing on integer coordinate points, but the solution calculates areas.",true,The solution completely misinterprets the problem and attempts to calculate probabilities based on areas instead of counting points.
"Trên mặt phẳng Oxy, ta xét một hình chữ nhật ABCD với các điểm A(–1; –1); B(3; 3); C(4; 3) và D(4; –1). Một con châu chấu nhảy trong hình chữ nhật đó tính cả trên cạnh hình chữ nhật sao cho chân nó luôn đáp xuống mặt phẳng tại các điểm có tọa độ nguyên (tức là điểm có cả hoành độ và tung độ đều nguyên). Tính xác suất để nó đáp xuống các điểm M(x; y) sao cho x + y ≤ 1 (Làm tròn kết quả đến hàng phần trăm).",Tổng số điểm có tọa độ nguyên trong hình chữ nhật là 16. Các điểm thỏa mãn x+y <= 1 là A(-1;-1). Vậy xác suất là 1/16 = 0.0625 ≈ 0.06.,1,CAL,Incorrectly calculated the total number of integer points within the rectangle.,true,The incorrect total number of points leads to a wrong probability.
"Trên mặt phẳng Oxy, ta xét một hình chữ nhật ABCD với các điểm A(–1; –1); B(3; 3); C(4; 3) và D(4; –1). Một con châu chấu nhảy trong hình chữ nhật đó tính cả trên cạnh hình chữ nhật sao cho chân nó luôn đáp xuống mặt phẳng tại các điểm có tọa độ nguyên (tức là điểm có cả hoành độ và tung độ đều nguyên). Tính xác suất để nó đáp xuống các điểm M(x; y) sao cho x + y ≤ 1 (Làm tròn kết quả đến hàng phần trăm).","Hình chữ nhật ABCD có A(-1;-1), B(3;3), C(4;3), D(4;-1). Xác suất để châu chấu đáp xuống điểm M(x;y) sao cho x+y <= 1 là 100%.",1,REAS,Incorrectly concluded that the probability is 100% without any calculation or justification.,true,The solution makes an unsupported claim about the probability.
Cho đường tròn (C) : $(x-a)^2 + (y-b)^2 = 25$ tiếp xúc với đường thẳng Δ : 3x + 4y + 1 = 0 tại A(1; –1). Tính $\frac{b}{a}$ biết rằng giá trị của a < 0.,"Gọi I(a;b) là tâm đường tròn. Vì (C) tiếp xúc Δ tại A(1;-1) nên IA ⊥ Δ. Phương trình Δ: 3x + 4y + 1 = 0. Khoảng cách từ I(a;b) đến Δ bằng bán kính R = 5. Vậy |3a + 4b + 1| / √(3^2 + 4^2) = 5 => |3a + 4b + 1| = 25. Vì A(1;-1) thuộc (C) nên (1-a)^2 + (-1-b)^2 = 25. Giải hệ: |3a + 4b + 1| = 25 và (1-a)^2 + (-1-b)^2 = 25. Giả sử 3a + 4b + 1 = 25 => 3a + 4b = 24. a = 0, b = 6. Vậy b/a không xác định.",8,CAL,"Incorrectly concluding b/a is undefined when a=0. The problem states a < 0, and this solution doesn't consider the negative case for 3a + 4b + 1 = -25.",true,The solution fails to consider both cases of the absolute value equation and makes an incorrect conclusion when a=0.
Cho đường tròn (C) : $(x-a)^2 + (y-b)^2 = 25$ tiếp xúc với đường thẳng Δ : 3x + 4y + 1 = 0 tại A(1; –1). Tính $\frac{b}{a}$ biết rằng giá trị của a < 0.,"Gọi I(a;b) là tâm đường tròn. Vì (C) tiếp xúc Δ tại A(1;-1) nên IA ⊥ Δ. Phương trình Δ: 3x + 4y + 1 = 0. Vector pháp tuyến của Δ là n = (3;4). Phương trình đường thẳng IA có dạng 3x + 4y + c = 0. Vì A(1;-1) thuộc IA nên 3(1) + 4(-1) + c = 0 => c = 1. Vậy IA: 3x + 4y + 1 = 0. Vì I(a;b) thuộc IA nên 3a + 4b + 1 = 0. Mặt khác, A(1;-1) thuộc (C) nên (1-a)^2 + (-1-b)^2 = 25. Giải hệ: 3a + 4b = -1 và (1-a)^2 + (-1-b)^2 = 25. a = -1, b = 0. Vậy b/a = 0/-1 = 0.",4,FC,"Incorrectly assuming the equation of line IA is the same as the tangent line Δ.  IA is perpendicular to Δ, but not necessarily the same line.",true,The fundamental error of equating IA and Δ leads to an incorrect solution.
Cho đường tròn (C) : $(x-a)^2 + (y-b)^2 = 25$ tiếp xúc với đường thẳng Δ : 3x + 4y + 1 = 0 tại A(1; –1). Tính $\frac{b}{a}$ biết rằng giá trị của a < 0.,"Gọi I(a;b) là tâm đường tròn. Vì (C) tiếp xúc Δ tại A(1;-1) nên IA ⊥ Δ. Phương trình Δ: 3x + 4y + 1 = 0. Vector pháp tuyến của Δ là n = (3;4). Phương trình đường thẳng IA có dạng 4x - 3y + c = 0. Vì A(1;-1) thuộc IA nên 4(1) - 3(-1) + c = 0 => c = -7. Vậy IA: 4x - 3y - 7 = 0. Vì I(a;b) thuộc IA nên 4a - 3b - 7 = 0. Mặt khác, A(1;-1) thuộc (C) nên (1-a)^2 + (-1-b)^2 = 25. Giải hệ: 4a - 3b = 7 và (1-a)^2 + (-1-b)^2 = 25. a = -1, b = -1. Vậy b/a = 1. Đường tròn có bán kính là 25.",10,HA,Adding a fictitious statement about the radius of the circle being 25. This is unrelated to the solution and introduces incorrect information.,true,The solution introduces an irrelevant and incorrect statement about the radius.
"Cho tứ giác ABCD . Trên mỗi cạnh AB, BC, CD, DA lấy 7 điểm phân biệt và không có điểm nào trùng với 4 đỉnh A, B, C, D . Hỏi từ 32 điểm đã cho lập được bao nhiêu tam giác","Số điểm trên mỗi cạnh là 7. Tổng số điểm là 7*4 = 28. Số tam giác có thể lập được từ 28 điểm là C(28,3) = 28*27*26/6 = 3276. Nhưng phải trừ đi các trường hợp 3 điểm cùng nằm trên 1 cạnh. Có 4 cạnh, mỗi cạnh có C(7,3) = 35 cách chọn 3 điểm. Vậy số tam giác là 3276 - 4*35 = 3136.",1,CO,"Incorrectly calculated the total number of points. The student forgot to include the 4 vertices (A, B, C, D) in the total count. The total should be 4*7 + 4 = 32, not 28.",true,The error in counting the total number of points propagates through the rest of the solution.
"Cho tứ giác ABCD . Trên mỗi cạnh AB, BC, CD, DA lấy 7 điểm phân biệt và không có điểm nào trùng với 4 đỉnh A, B, C, D . Hỏi từ 32 điểm đã cho lập được bao nhiêu tam giác","Có 32 điểm tất cả. Chọn 3 điểm bất kỳ để tạo thành tam giác: C(32,3) = 32*31*30/6 = 4960.  Các điểm cùng nằm trên một cạnh không tạo thành tam giác. Có 4 cạnh, mỗi cạnh có 7 điểm. Số cách chọn 3 điểm trên mỗi cạnh là C(7,3) = 35. Vậy số tam giác là 4960 - 4*35 = 4820.",3,CO,"Incorrectly counted the number of collinear points on each side. Each side contains the 7 given points plus the 2 vertices, making 9 collinear points in total. The number of degenerate triangles on each side should be C(9,3), not C(7,3).",true,The student failed to include the vertices when considering the sets of collinear points.
"Cho tứ giác ABCD . Trên mỗi cạnh AB, BC, CD, DA lấy 7 điểm phân biệt và không có điểm nào trùng với 4 đỉnh A, B, C, D . Hỏi từ 32 điểm đã cho lập được bao nhiêu tam giác","Số điểm là 32. Chọn 3 điểm bất kỳ: C(32,3) = 32*31*30/6 = 4960.  Trừ đi các tam giác có 3 điểm cùng nằm trên 1 cạnh. Mỗi cạnh có 9 điểm (7 điểm đã cho và 2 đỉnh), nên có C(9,3) = 84 cách chọn. Vậy số tam giác là 4960 - 84 = 4876.",3,CO,"The solution correctly identifies the number of collinear points on one side but fails to account for all four sides. It should subtract the degenerate triangles for each of the 4 sides, so the calculation should be 4960 - 4*84.",true,A common oversight where the student calculates the exception for one case but forgets to apply it to all similar cases.
"Cho tứ giác ABCD . Trên mỗi cạnh AB, BC, CD, DA lấy 7 điểm phân biệt và không có điểm nào trùng với 4 đỉnh A, B, C, D . Hỏi từ 32 điểm đã cho lập được bao nhiêu tam giác","Có 32 điểm. Số tam giác là C(32,3) = 32*31*30/6 = 4960.  Các điểm nằm trên cạnh không tạo thành tam giác. Vậy số tam giác là 4960.",2,MS,"The solution correctly calculates the total number of ways to choose 3 points from 32, but it misses the crucial step of subtracting the combinations of 3 points that are collinear.",true,The student correctly performs the first step of the inclusion-exclusion principle but forgets the second.
Viết phương trình đường tròn đi qua ba điểm A(–2; 4); B(5; 5) và C(6; –2),"Phương trình đường tròn có dạng x^2 + y^2 + 2ax + 2by + c = 0.
Thay A(-2; 4): 4 + 16 - 4a + 8b + c = 0
Thay B(5; 5): 25 + 25 + 10a + 10b + c = 0
Thay C(6; -2): 36 + 4 + 12a - 4b + c = 0
Ta có hệ phương trình:
-4a + 8b + c = -20
10a + 10b + c = -50
12a - 4b + c = -40
Giải hệ này bằng phương pháp thế, ta thấy không giải được vì quá phức tạp. Vậy đường tròn không tồn tại.",10,REAS,"Kết luận không chính xác. Hệ phương trình có thể giải được, nhưng học sinh đã kết luận một cách vội vàng rằng đường tròn không tồn tại vì cho rằng hệ phương trình 'quá phức tạp'.",true,Học sinh bỏ cuộc không giải hệ phương trình và đưa ra kết luận sai.
Viết phương trình đường tròn đi qua ba điểm A(–2; 4); B(5; 5) và C(6; –2),"Gọi phương trình đường tròn có dạng (x-h)^2 + (y-k)^2 = r^2.
Trung điểm của AB là M((–2+5)/2; (4+5)/2)) = (1.5; 4.5)
Đường trung trực của AB có hệ số góc là -(5-(-2))/(5-4) = -7. Phương trình: y - 4.5 = -7(x - 1.5)
Trung điểm của BC là N((5+6)/2; (5-2)/2)) = (5.5; 1.5)
Đường trung trực của BC có hệ số góc là -(6-5)/(-2-5) = 1/7. Phương trình: y - 1.5 = 1/7(x - 5.5)
Giải hệ hai phương trình này để tìm (h, k). Nhưng quá khó, nên chọn h = 0, k = 0. Vậy x^2 + y^2 = r^2. Thay A(-2; 4) vào: 4 + 16 = r^2 => r^2 = 20. Vậy x^2 + y^2 = 20.",8,MIS,"Học sinh đã giả định không chính xác rằng tâm của đường tròn là gốc tọa độ (0,0) vì việc giải hệ phương trình của các đường trung trực là 'quá khó'. Điều này bỏ qua các yêu cầu của bài toán.",true,Học sinh từ bỏ phương pháp đúng và đưa ra một giả định không có cơ sở.
"Gọi S là tập hợp các số tự nhiên có ba chữ số đôi một khác nhau được lập thành từ các chữ số 1, 2, 3, 4, 5, 6. Chọn ngẫu nhiên một số từ S, tính xác suất để số được chọn là một số chia hết cho 5.",Tổng số các số có 3 chữ số khác nhau là 6*6*6 = 216. Số chia hết cho 5 có tận cùng là 0 hoặc 5. Vì không có số 0 nên chỉ có số 5. Vậy có 6*6*1 = 36 số chia hết cho 5. Xác suất là 36/216 = 1/6.,1,KNOW,"Incorrectly calculated the total number of 3-digit numbers. It should be permutations, not repetitions. The formula for permutations is 6P3 = 6*5*4 = 120.",true,"The initial knowledge error leads to an incorrect total number of possibilities, affecting the final probability."
"Gọi S là tập hợp các số tự nhiên có ba chữ số đôi một khác nhau được lập thành từ các chữ số 1, 2, 3, 4, 5, 6. Chọn ngẫu nhiên một số từ S, tính xác suất để số được chọn là một số chia hết cho 5.",Số các số có 3 chữ số khác nhau là 6*5*4 = 120. Số chia hết cho 5 có tận cùng là 5. Vậy có 5*4*1 = 20 số chia hết cho 5. Xác suất là 20/120 = 1/3.,3,OP,"Incorrectly simplified the fraction 20/120. It should be 1/6, not 1/3.",true,A simple arithmetic error in the final simplification.
"Gọi S là tập hợp các số tự nhiên có ba chữ số đôi một khác nhau được lập thành từ các chữ số 1, 2, 3, 4, 5, 6. Chọn ngẫu nhiên một số từ S, tính xác suất để số được chọn là một số chia hết cho 5.","Số các số có 3 chữ số khác nhau là 6*5*4 = 120. Số chia hết cho 5 có tận cùng là 5. Vậy có 5*4*1 = 20 số chia hết cho 5. Xác suất là 20/120 = 1/6.  Công thức tính xác suất là n(A)/n(S), trong đó n(A) là số phần tử của A và n(S) là số phần tử của S.",3,FC,"While the formula is correct, stating it at this point is unnecessary and suggests a lack of confidence in the already performed calculations. It's a formula application in an inappropriate context.",true,"The formula is correct, but its inclusion is redundant and indicates a misunderstanding of the problem-solving process."
Cho parabol (P) : $y^2 = 4x$ và hai điểm A(0; –4); B(–6; 4). C là điểm trên (P) sao cho tam giác ABC có diện tích bé nhất. Tìm tọa độ điểm C.,"Gọi C(x₀; y₀) thuộc (P) nên y₀² = 4x₀. Phương trình đường thẳng AB có dạng 4x + 3y + 12 = 0. Diện tích tam giác ABC nhỏ nhất khi khoảng cách từ C đến AB bằng 0, tức là C nằm trên đường thẳng AB. Khi đó tọa độ C thỏa mãn hệ: { y₀² = 4x₀ và 4x₀ + 3y₀ + 12 = 0 }. Thế 4x₀ = y₀² vào phương trình thứ hai, ta được: y₀² + 3y₀ + 12 = 0. Phương trình này có Δ = 3² - 4*1*12 = -39 < 0 nên vô nghiệm. Vậy không tồn tại điểm C.",3,REAS,"Lập luận sai lầm rằng diện tích nhỏ nhất khi khoảng cách từ C đến AB bằng 0. Điều này chỉ đúng nếu điểm C có thể nằm trên đường thẳng AB, nhưng C bị ràng buộc phải nằm trên parabol (P). Học sinh đã không xét đến việc tìm khoảng cách nhỏ nhất khác 0.",true,"Đây là một lỗi sai về mặt tư duy, khi học sinh đơn giản hóa bài toán một cách không chính xác, dẫn đến kết luận sai."
Cho parabol (P) : $y^2 = 4x$ và hai điểm A(0; –4); B(–6; 4). C là điểm trên (P) sao cho tam giác ABC có diện tích bé nhất. Tìm tọa độ điểm C.,"Phương trình đường thẳng AB là 4x + 3y + 12 = 0. Khoảng cách từ C(x₀, y₀) với x₀ = y₀²/4 đến AB là d = |y₀² + 3y₀ + 12|/5. Để d nhỏ nhất, ta cần tìm giá trị nhỏ nhất của P(y₀) = y₀² + 3y₀ + 12. P(y₀) là một parabol có đỉnh tại y₀ = -b/a = -3. Suy ra x₀ = (-3)²/4 = 9/4. Vậy tọa độ điểm C là (9/4; -3).",4,FC,"Sử dụng sai công thức tìm hoành độ/tung độ đỉnh của parabol. Công thức đúng là y = -b/2a, nhưng học sinh đã nhớ nhầm và sử dụng y = -b/a.",true,"Lỗi này rất phổ biến khi học sinh không nhớ chính xác công thức, dẫn đến việc tính toán sai tọa độ của điểm cần tìm."
Cho parabol (P) : $y^2 = 4x$ và hai điểm A(0; –4); B(–6; 4). C là điểm trên (P) sao cho tam giác ABC có diện tích bé nhất. Tìm tọa độ điểm C.,"Phương trình đường thẳng AB là 4x + 3y + 12 = 0. Khoảng cách từ C(x₀, y₀) với x₀ = y₀²/4 đến AB là d = |y₀² + 3y₀ + 12|/5. Để d nhỏ nhất, ta cần tìm giá trị nhỏ nhất của P(y₀) = y₀² + 3y₀ + 12. P(y₀) là một parabol có đỉnh tại y₀ = -b/2a = -3/2. Do tính toán sai dấu, học sinh ra kết quả y₀ = 3/2. Từ đó x₀ = (3/2)²/4 = 9/16. Vậy tọa độ điểm C là (9/16; 3/2).",4,CAL,"Mắc lỗi sai dấu trong quá trình tính toán tọa độ đỉnh của parabol. Thay vì tính ra y₀ = -3/2, học sinh đã tính nhầm thành y₀ = 3/2.",true,"Đây là một lỗi tính toán cơ bản nhưng thường gặp, có thể do sự bất cẩn trong quá trình làm bài."
Cho parabol (P) : $y^2 = 4x$ và hai điểm A(0; –4); B(–6; 4). C là điểm trên (P) sao cho tam giác ABC có diện tích bé nhất. Tìm tọa độ điểm C.,"Phương trình đường thẳng AB là 4x + 3y + 12 = 0. Khoảng cách từ C(x₀, y₀) với x₀ = y₀²/4 đến AB là d = |y₀² + 3y₀ + 12|/5. Biểu thức P = y₀² + 3y₀ + 12 = (y₀ + 3/2)² + 39/4. Vì (y₀ + 3/2)² ≥ 0 nên P ≥ 39/4. Vậy giá trị nhỏ nhất của P là 39/4. Vì giá trị nhỏ nhất này không phải là 0 nên không tồn tại điểm C.",5,REAS,"Sau khi tìm được giá trị nhỏ nhất của biểu thức khoảng cách một cách chính xác, học sinh lại đưa ra kết luận sai lầm. Họ cho rằng vì giá trị nhỏ nhất khác 0 nên không tìm được điểm C, mà không nhận ra rằng điểm C chính là điểm ứng với giá trị y₀ làm cho biểu thức đạt giá trị nhỏ nhất đó (tức y₀ = -3/2).",true,Lỗi sai này thể hiện sự thiếu hiểu biết về mối quan hệ giữa giá trị nhỏ nhất của hàm số và biến số tạo ra nó. Học sinh đã làm đúng phần tính toán nhưng lại sai ở bước diễn giải kết quả.
"Trong mặt phẳng Oxyz, phương trình nào sau đây là phương trình đường tròn?
A. $x^2 + 2y^2 - 4x - 2y + 19 = 0$.
B. $x^2 + y^2 + 2x - 4y - 17 = 0$.
C. $x^2 + y^2 - 2x + 12y + 40 = 0$.
D. $x^2 - y^2 + 5x - 7y - 11 = 0$.",Phương trình đường tròn có dạng x^2 + y^2 + 2ax + 2by + c = 0. Xét đáp án A: x^2 + 2y^2 - 4x - 2y + 19 = 0. Hệ số của y^2 khác 1 nên không phải là phương trình đường tròn.,2,KNOW,"The student has an incomplete understanding of the general form of a circle's equation. The student correctly notes that the coefficients of x^2 and y^2 must be equal, but incorrectly believes they must be exactly 1. The actual condition is that the coefficients are equal and non-zero.",true,"A common misconception about the general form of a circle equation. The conclusion is correct (A is not a circle), but for the wrong reason."
"Trong mặt phẳng Oxyz, phương trình nào sau đây là phương trình đường tròn?
A. $x^2 + 2y^2 - 4x - 2y + 19 = 0$.
B. $x^2 + y^2 + 2x - 4y - 17 = 0$.
C. $x^2 + y^2 - 2x + 12y + 40 = 0$.
D. $x^2 - y^2 + 5x - 7y - 11 = 0$.",Phương trình đường tròn có dạng (x-a)^2 + (y-b)^2 = R^2. Đáp án B: x^2 + y^2 + 2x - 4y - 17 = 0. (x+1)^2 + (y-2)^2 = 22. Vậy bán kính R = 22.,3,MS,"Missing a step in the calculation. The student correctly found that R^2 = 22, but forgot to take the square root to find the radius R.",true,"This is a very common error where students equate the constant term in the standard form with the radius itself, rather than the radius squared."
"Trong mặt phẳng Oxyz, phương trình nào sau đây là phương trình đường tròn?
A. $x^2 + 2y^2 - 4x - 2y + 19 = 0$.
B. $x^2 + y^2 + 2x - 4y - 17 = 0$.
C. $x^2 + y^2 - 2x + 12y + 40 = 0$.
D. $x^2 - y^2 + 5x - 7y - 11 = 0$.","Phương trình đường tròn có dạng x^2 + y^2 + 2ax + 2by + c = 0. Đáp án A: x^2 + 2y^2 - 4x - 2y + 19 = 0.  a = -2, b = -1, c = 19.  a^2 + b^2 - c = 4 + 1 - 19 = -14. Vì a^2 + b^2 - c < 0 nên đây không phải là phương trình đường tròn.",2,CV,"The student is applying a condition (a^2 + b^2 - c > 0) without checking if the equation meets the initial requirements. This condition is only valid if the coefficients of x^2 and y^2 are both 1, which is not the case here (coefficient of y^2 is 2).",true,This shows a mechanical application of a formula without understanding its preconditions.
"Trong mặt phẳng Oxyz, phương trình nào sau đây là phương trình đường tròn?
A. $x^2 + 2y^2 - 4x - 2y + 19 = 0$.
B. $x^2 + y^2 + 2x - 4y - 17 = 0$.
C. $x^2 + y^2 - 2x + 12y + 40 = 0$.
D. $x^2 - y^2 + 5x - 7y - 11 = 0$.","Phương trình đường tròn có dạng x^2 + y^2 + 2ax + 2by + c = 0. Đáp án C: x^2 + y^2 - 2x + 12y + 40 = 0. a = -1, b = 6, c = 40.  (-1)^2 + 6^2 - 40 = 1 + 36 - 40 = -3.  Vì -3 > 0 nên đây là phương trình đường tròn.",4,REAS,Incorrect reasoning in the final step. The student correctly calculates the value as -3 but then incorrectly concludes that -3 is greater than 0.,true,A simple but critical error in logical comparison.
"Trong mặt phẳng Oxyz, phương trình nào sau đây là phương trình đường tròn?
A. $x^2 + 2y^2 - 4x - 2y + 19 = 0$.
B. $x^2 + y^2 + 2x - 4y - 17 = 0$.
C. $x^2 + y^2 - 2x + 12y + 40 = 0$.
D. $x^2 - y^2 + 5x - 7y - 11 = 0$.","Phương trình đường tròn có dạng x^2 + y^2 + 2ax + 2by + c = 0. Đáp án A: x^2 + 2y^2 - 4x - 2y + 19 = 0. a = -2, b = -1, c = 19.  a^2 + b^2 + c = 4 + 1 + 19 = 24 > 0. Vậy đây là phương trình đường tròn.",3,FC,"Used the incorrect formula to check the condition for a circle. The student calculated a^2 + b^2 + c > 0, whereas the correct condition is a^2 + b^2 - c > 0.",true,A plausible error from misremembering the signs in a formula. This error is compounded by the fact that the formula shouldn't have been applied to equation A in the first place (see other examples).
"Xét phép thử ""Gieo một xúc sắc cân đối và đồng chất"". Biến cố nào dưới đây là biến cố chắc chắn?
A. ""Mặt xuất hiện có số chấm không vượt quá 6"".
B. ""Mặt xuất hiện có 7 chấm"".
C. ""Mặt xuất hiện là số nguyên tố"".
D. ""Mặt xuất hiện có 1 chấm"".","Xúc sắc có 6 mặt. 
A. Mặt xuất hiện có số chấm không vượt quá 6: luôn đúng. 
B. Mặt xuất hiện có 7 chấm: không thể xảy ra. 
C. Mặt xuất hiện là số nguyên tố: 2, 3, 5 là số nguyên tố. Vậy C là biến cố chắc chắn.
D. Mặt xuất hiện có 1 chấm: không phải lúc nào cũng xảy ra.
Vậy đáp án là C.",3,REAS,"Incorrect reasoning. While 2, 3, and 5 are prime numbers, the event 'the face is a prime number' is not certain, as 1, 4, and 6 are not prime.",true,The student identifies prime numbers but incorrectly concludes that the event is certain.
"Trong mặt phẳng với hệ trục tọa độ Oxy, phương trình nào dưới đây là phương trình chính tắc của Hypebol (H)?
A. $\frac{x^2}{4} + \frac{y^2}{1} = 1$.
B. $\frac{x^2}{4} - \frac{y^2}{4} = 1$.
C. $\frac{x^2}{6} + \frac{y^2}{5} = 1$.
D. $\frac{x^2}{17} - \frac{y^2}{8} = 1$.","Phương trình chính tắc của Hypebol có dạng $\frac{x^2}{a^2} - \frac{y^2}{b^2} = 1$. Đáp án A có dấu cộng nên không phải là Hypebol. Đáp án C cũng có dấu cộng. Đáp án D có dạng đúng, nhưng a^2 = 17, b^2 = 8. Vậy phương trình chính tắc của Hypebol là $\frac{x^2}{17} - \frac{y^2}{8} = 1$.",2,KNOW,Incorrectly assumes that any equation with a '+' sign between the x^2 and y^2 terms cannot be a hyperbola.  The student doesn't understand that ellipses also have a '+' sign.,true,The student's understanding of the hyperbola's standard form is incomplete.
"Trong mặt phẳng với hệ trục tọa độ Oxy, phương trình nào dưới đây là phương trình chính tắc của Hypebol (H)?
A. $\frac{x^2}{4} + \frac{y^2}{1} = 1$.
B. $\frac{x^2}{4} - \frac{y^2}{4} = 1$.
C. $\frac{x^2}{6} + \frac{y^2}{5} = 1$.
D. $\frac{x^2}{17} - \frac{y^2}{8} = 1$.",Phương trình chính tắc của Hypebol là $\frac{x^2}{a^2} - \frac{y^2}{b^2} = 1$.  Đáp án A là elip. Đáp án B có dạng đúng. Đáp án C là elip. Đáp án D có dạng đúng.  Vì a^2 > b^2 nên chọn D.,4,REAS,"Incorrectly assumes that a^2 > b^2 is a necessary condition for the equation to be a hyperbola. While true for the standard form, it's not a defining characteristic for identifying the correct equation from the given options.",true,The student misapplies a property of hyperbolas as a selection criterion.
"Trong mặt phẳng với hệ trục tọa độ Oxy, phương trình nào dưới đây là phương trình chính tắc của Hypebol (H)?
A. $\frac{x^2}{4} + \frac{y^2}{1} = 1$.
B. $\frac{x^2}{4} - \frac{y^2}{4} = 1$.
C. $\frac{x^2}{6} + \frac{y^2}{5} = 1$.
D. $\frac{x^2}{17} - \frac{y^2}{8} = 1$.",Phương trình chính tắc của Hypebol là $\frac{x^2}{a^2} - \frac{y^2}{b^2} = 1$.  Đáp án A là elip. Đáp án B có dạng đúng. Đáp án C là elip. Đáp án D có dạng đúng.  Chọn A vì nó có số nhỏ nhất.,5,MIS,"The student chooses the answer based on the magnitude of the numbers in the equation, completely ignoring the mathematical properties of a hyperbola.",true,The student fails to understand the question and provides a completely irrelevant answer.
"Trong mặt phẳng với hệ trục tọa độ Oxy, phương trình nào dưới đây là phương trình chính tắc của Hypebol (H)?
A. $\frac{x^2}{4} + \frac{y^2}{1} = 1$.
B. $\frac{x^2}{4} - \frac{y^2}{4} = 1$.
C. $\frac{x^2}{6} + \frac{y^2}{5} = 1$.
D. $\frac{x^2}{17} - \frac{y^2}{8} = 1$.","Phương trình chính tắc của Hypebol là $\frac{x^2}{a^2} - \frac{y^2}{b^2} = 1$.  Đáp án A là elip. Đáp án B có dạng $\frac{x^2}{4} - \frac{y^2}{4} = 1$. Đáp án C là elip. Đáp án D có dạng $\frac{x^2}{17} - \frac{y^2}{8} = 1$.  Chọn B vì a = 2, b = 2, nên a = b.",4,KNOW,The student incorrectly believes that a must equal b for the equation to represent a hyperbola. This demonstrates a misunderstanding of the hyperbola's properties.,true,The student's understanding of the hyperbola's properties is flawed.
"Trong mặt phẳng với hệ trục tọa độ Oxy, phương trình nào dưới đây là phương trình chính tắc của Hypebol (H)?
A. $\frac{x^2}{4} + \frac{y^2}{1} = 1$.
B. $\frac{x^2}{4} - \frac{y^2}{4} = 1$.
C. $\frac{x^2}{6} + \frac{y^2}{5} = 1$.
D. $\frac{x^2}{17} - \frac{y^2}{8} = 1$.",Phương trình chính tắc của Hypebol là $\frac{x^2}{a^2} - \frac{y^2}{b^2} = 1$.  Đáp án A là elip. Đáp án B có dạng $\frac{x^2}{4} - \frac{y^2}{4} = 1$. Đáp án C là elip. Đáp án D có dạng $\frac{x^2}{17} - \frac{y^2}{8} = 1$.  Chọn B vì $\frac{x^2}{4} - \frac{y^2}{4} = 1$ tương đương với $x^2 - y^2 = 0$.,4,FC,The student incorrectly simplifies the equation $\frac{x^2}{4} - \frac{y^2}{4} = 1$ to $x^2 - y^2 = 0$. This is a misunderstanding of how to manipulate the equation.,true,The student misapplies algebraic manipulation.
"Một lớp học có 16 nam và 14 nữ. Số cách chọn hai bạn từ lớp học đó, trong đó có một nam và một nữ tham gia đội xung kích nhà trường là:
A. 30.
B. $C_{16}^1C_{14}^1$.
C. $C_{30}^2$.
D. 224.",Chọn 1 nam từ 16 nam có 16 cách. Chọn 1 nữ từ 14 nữ có 14 cách. Vậy số cách chọn là 16 + 14 = 30.,3,CAL,Incorrectly added the number of ways to choose a male and a female instead of multiplying.,true,The student understood the individual choices but failed to apply the multiplication principle.
"Một lớp học có 16 nam và 14 nữ. Số cách chọn hai bạn từ lớp học đó, trong đó có một nam và một nữ tham gia đội xung kích nhà trường là:
A. 30.
B. $C_{16}^1C_{14}^1$.
C. $C_{30}^2$.
D. 224.","Số cách chọn 1 nam từ 16 nam là P(16,1) = 16. Số cách chọn 1 nữ từ 14 nữ là P(14,1) = 14. Vậy số cách chọn là 16 + 14 = 30.",1,KNOW,Incorrectly used permutations (P) instead of combinations (C) when the order of selection doesn't matter.,true,The student confused permutations and combinations.
"Một lớp học có 16 nam và 14 nữ. Số cách chọn hai bạn từ lớp học đó, trong đó có một nam và một nữ tham gia đội xung kích nhà trường là:
A. 30.
B. $C_{16}^1C_{14}^1$.
C. $C_{30}^2$.
D. 224.","Chọn 1 nam từ 16 nam có C(16,1) = 16 cách. Chọn 1 nữ từ 14 nữ có C(14,1) = 14 cách. Vậy số cách chọn là 16 - 14 = 2.",3,OP,Used subtraction instead of multiplication to combine the number of ways to choose a male and a female.,true,Simple operator error leading to a wrong answer.
"Một lớp học có 16 nam và 14 nữ. Số cách chọn hai bạn từ lớp học đó, trong đó có một nam và một nữ tham gia đội xung kích nhà trường là:
A. 30.
B. $C_{16}^1C_{14}^1$.
C. $C_{30}^2$.
D. 224.","Chọn 1 nam từ 16 nam có C(16,1) = 16 cách. Chọn 1 nữ từ 14 nữ có C(14,1) = 14 cách. Vậy số cách chọn là 16 * 14 = 224. Nhưng vì có 2 bạn nên phải nhân thêm 2, kết quả là 448.",3,CS,"The initial calculation is correct (16*14=224), but then the student incorrectly multiplies by 2, introducing a contradiction.",true,The student started correctly but then introduced an illogical step.
"Tung một đồng xu ba lần liên tiếp. Xác suất của biến cố: ""Mặt ngửa xuất hiện đúng 1 lần"".
A. $\frac{1}{8}$
B. $\frac{1}{2}$
C. $\frac{3}{4}$
D. $\frac{3}{8}$","Không gian mẫu có 2*2*2 = 8 phần tử. Biến cố A: 'Mặt ngửa xuất hiện đúng 1 lần' có 3 kết quả: NNN, NNN, NNN. Vậy xác suất là 3/8.",2,CO,"Incorrectly counted the number of outcomes with exactly one head. There are three possible outcomes (HNT, NHT, NTN) not three identical outcomes.",true,The student miscounted the favorable outcomes.
"Tung một đồng xu ba lần liên tiếp. Xác suất của biến cố: ""Mặt ngửa xuất hiện đúng 1 lần"".
A. $\frac{1}{8}$
B. $\frac{1}{2}$
C. $\frac{3}{4}$
D. $\frac{3}{8}$","Không gian mẫu có 2*2*2 = 8 phần tử. Biến cố A: 'Mặt ngửa xuất hiện đúng 1 lần' có 2 kết quả: NNN, NNN. Vậy xác suất là 2/8 = 1/4.",2,CO,"Incorrectly counted the number of outcomes with exactly one head. There are three possible outcomes (HNT, NHT, NTN) not two identical outcomes.",true,The student miscounted the favorable outcomes.
"Tung một đồng xu ba lần liên tiếp. Xác suất của biến cố: ""Mặt ngửa xuất hiện đúng 1 lần"".
A. $\frac{1}{8}$
B. $\frac{1}{2}$
C. $\frac{3}{4}$
D. $\frac{3}{8}$",Không gian mẫu có 2*2*2 = 8 phần tử. Biến cố A: 'Mặt ngửa xuất hiện đúng 1 lần' có 3 kết quả. Vậy xác suất là 3/2.,3,CAL,Incorrectly calculated the probability. The probability cannot be greater than 1.,true,The student made a calculation error resulting in a probability greater than 1.
"Tung một đồng xu ba lần liên tiếp. Xác suất của biến cố: ""Mặt ngửa xuất hiện đúng 1 lần"".
A. $\frac{1}{8}$
B. $\frac{1}{2}$
C. $\frac{3}{4}$
D. $\frac{3}{8}$",Không gian mẫu có 2*2 = 4 phần tử. Biến cố A: 'Mặt ngửa xuất hiện đúng 1 lần' có 1 kết quả. Vậy xác suất là 1/4.,1,CAL,Incorrectly calculated the size of the sample space. It should be 2*2*2 = 8.,true,The student incorrectly calculated the sample space.
"Tung một đồng xu ba lần liên tiếp. Xác suất của biến cố: ""Mặt ngửa xuất hiện đúng 1 lần"".
A. $\frac{1}{8}$
B. $\frac{1}{2}$
C. $\frac{3}{4}$
D. $\frac{3}{8}$","Xác suất mặt ngửa là 1/2. Vậy xác suất mặt sấp là 1/2. Tung 3 lần, xác suất mặt ngửa xuất hiện đúng 1 lần là (1/2)*(1/2)*(1/2) = 1/8.",2,MS,"Missing step: The student calculated the probability of a specific sequence (e.g., HNN) but didn't account for the different possible sequences with exactly one head.",true,The student only calculated the probability of one specific sequence.
"Tung một đồng xu ba lần liên tiếp. Xác suất của biến cố: ""Mặt ngửa xuất hiện đúng 1 lần"".
A. $\frac{1}{8}$
B. $\frac{1}{2}$
C. $\frac{3}{4}$
D. $\frac{3}{8}$",Không gian mẫu có 8 phần tử. Biến cố A: 'Mặt ngửa xuất hiện đúng 1 lần' có 4 kết quả. Vậy xác suất là 4/8 = 1/2.,2,CO,"Incorrectly counted the number of outcomes with exactly one head. There are three possible outcomes (HNT, NHT, NTN) not four.",true,The student miscounted the favorable outcomes.
"Trong hộp có 10 chiếc bút xanh và 5 chiếc bút đỏ. Chọn ngẫu nhiên ra 3 chiếc bút. Số cách chọn được 1 chiếc bút xanh và 2 chiếc bút đỏ là:
A. 100.
B. 455.
C. 225.
D. 50.","Số cách chọn 1 bút xanh từ 10 bút xanh là C(10,1) = 10. Số cách chọn 2 bút đỏ từ 5 bút đỏ là C(5,2) = 5*4 = 20. Vậy số cách chọn là 10 * 20 = 200.",2,CAL,"Incorrect calculation of C(5,2). It should be 5*4/2 = 10, not 20.",true,The error in calculating combinations leads to a wrong final answer.
"Trong hộp có 10 chiếc bút xanh và 5 chiếc bút đỏ. Chọn ngẫu nhiên ra 3 chiếc bút. Số cách chọn được 1 chiếc bút xanh và 2 chiếc bút đỏ là:
A. 100.
B. 455.
C. 225.
D. 50.","Chọn 1 bút xanh từ 10 bút xanh có 10 cách. Chọn 2 bút đỏ từ 5 bút đỏ có C(5,2) = 5!/(2!3!) = 10 cách. Vậy số cách chọn là 10 + 10 = 20.",3,OP,Incorrectly used addition instead of multiplication to combine the number of ways to choose blue and red pens.,true,The student added the combinations instead of multiplying them.
"Trong hộp có 10 chiếc bút xanh và 5 chiếc bút đỏ. Chọn ngẫu nhiên ra 3 chiếc bút. Số cách chọn được 1 chiếc bút xanh và 2 chiếc bút đỏ là:
A. 100.
B. 455.
C. 225.
D. 50.","Có tổng cộng 15 chiếc bút. Chọn 3 chiếc bút bất kỳ có C(15,3) = 15*14*13 = 2730 cách. Vậy số cách chọn 1 xanh và 2 đỏ là 2730.",1,MIS,Calculated the total number of ways to choose any 3 pens instead of specifically 1 blue and 2 red.,true,The student misinterpreted the question and calculated the total number of combinations.
"Trong hộp có 10 chiếc bút xanh và 5 chiếc bút đỏ. Chọn ngẫu nhiên ra 3 chiếc bút. Số cách chọn được 1 chiếc bút xanh và 2 chiếc bút đỏ là:
A. 100.
B. 455.
C. 225.
D. 50.","Số cách chọn 1 bút xanh từ 10 bút xanh là C(10,1) = 10. Số cách chọn 2 bút đỏ từ 5 bút đỏ là C(5,2) = 10. Vậy số cách chọn là 10 * 10 = 100. Nhưng vì có 3 bút nên phải nhân thêm 3, kết quả là 300.",3,HA,Added a fictitious step of multiplying by 3 with no logical basis.,true,The student hallucinated a step and multiplied the result by 3.
"Gieo một đồng xu hai lần liên tiếp, ta có không gian mẫu là:
A. {S; N}.
B. {SS; NN}.
C. {SS; SN; NS; NN}.
D. {S; N; SN}.","Gieo một đồng xu hai lần liên tiếp, ta có không gian mẫu là: {S; N}. Vì chỉ có hai mặt của đồng xu.",1,MIS,"The student failed to consider the sequence of two coin tosses, only listing the possible outcomes of a single toss.",true,"Similar to the first error, the student only considered one toss."
"Gieo một đồng xu hai lần liên tiếp, ta có không gian mẫu là:
A. {S; N}.
B. {SS; NN}.
C. {SS; SN; NS; NN}.
D. {S; N; SN}.","Gieo một đồng xu hai lần liên tiếp, ta có không gian mẫu là: {SS; NN}. Vì mỗi lần gieo chỉ có thể ra sấp hoặc ngửa.",1,MIS,"The student only considered the cases where both tosses result in the same outcome, ignoring the mixed outcomes.",true,The student missed the possibilities of SN and NS.
"Gieo một đồng xu hai lần liên tiếp, ta có không gian mẫu là:
A. {S; N}.
B. {SS; NN}.
C. {SS; SN; NS; NN}.
D. {S; N; SN}.","Gieo một đồng xu hai lần liên tiếp, ta có không gian mẫu là: {S; N; SN}. Vì có 3 khả năng xảy ra.",1,MIS,"The student incorrectly listed the sample space, including single outcomes and one paired outcome.",true,The student did not understand the concept of a sample space for two consecutive events.
"Trong mặt phẳng với hệ trục tọa độ Oxy, tọa độ tâm I và bán kính R của đường tròn (C) : $(x-3)^2 + (y-4)^2 = 25$ là:
A. I(3; -4); R = 5.
B. I(-3; -4); R = 5.
C. I(-3; -4); R = 25.
D. I(3; 4); R = 25.","Phương trình đường tròn có dạng (x-a)^2 + (y-b)^2 = R^2
So sánh với (x-3)^2 + (y-4)^2 = 25, ta có a = -3, b = -4, R^2 = 25
Vậy tâm I(-3; -4) và bán kính R = 25",2,OP,"The student incorrectly identified the signs of the center coordinates. For (x-3), the coordinate is 3, not -3. For (y-4), the coordinate is 4, not -4.",false,The student made a sign error when determining the center coordinates and also forgot to take the square root to find the radius. Both are common mistakes.
"Trong mặt phẳng với hệ trục tọa độ Oxy, tọa độ tâm I và bán kính R của đường tròn (C) : $(x-3)^2 + (y-4)^2 = 25$ là:
A. I(3; -4); R = 5.
B. I(-3; -4); R = 5.
C. I(-3; -4); R = 25.
D. I(3; 4); R = 25.","Phương trình đường tròn có dạng (x-a)^2 + (y-b)^2 = R^2
So sánh với (x-3)^2 + (y-4)^2 = 25, ta có a = 3, b = 4, R^2 = 25
Vậy tâm I(3; 4) và bán kính R = 5. Chọn đáp án A.",4,MIS,"The student correctly calculated the center I(3; 4) and radius R=5, but then chose the wrong answer A, which has the center I(3; -4).",true,"This is a common error where the calculation is correct, but the student misreads or incorrectly selects the final multiple-choice option."
"Trong mặt phẳng với hệ trục tọa độ Oxy, tọa độ tâm I và bán kính R của đường tròn (C) : $(x-3)^2 + (y-4)^2 = 25$ là:
A. I(3; -4); R = 5.
B. I(-3; -4); R = 5.
C. I(-3; -4); R = 25.
D. I(3; 4); R = 25.","Phương trình đường tròn có dạng (x-a)^2 + (y-b)^2 = R^2
So sánh với (x-3)^2 + (y-4)^2 = 25, ta có a = 3, b = 4, R = 5
Vậy tâm I(3; 4) và bán kính R = 5. Đáp án A.",4,MIS,"After correctly identifying the center as I(3; 4) and the radius as R=5, the student incorrectly selected option A, which corresponds to I(3; -4).",true,The student performed the mathematical steps correctly but failed to match their result with the correct option.
"Trong mặt phẳng với hệ trục tọa độ Oxy, tọa độ tâm I và bán kính R của đường tròn (C) : $(x-3)^2 + (y-4)^2 = 25$ là:
A. I(3; -4); R = 5.
B. I(-3; -4); R = 5.
C. I(-3; -4); R = 25.
D. I(3; 4); R = 25.","Đường tròn (C) có dạng (x-3)^2 + (y-4)^2 = 25, vậy tâm I(3; 4) và bán kính R = 5. Đáp án A.",2,MIS,"The student correctly identified the center and radius but chose option A, which has a different y-coordinate for the center (I(3; -4)).",true,A straightforward error of selecting the wrong option after finding the correct parameters.
"Một tổ có 15 học sinh. Số cách chọn ra 2 học sinh từ tổ đó để làm tổ trưởng và tổ phó là:
A. $A_{15}^2$.
B. $A_{15}^1$.
C. $C_{15}^2$.
D. $15^2$.","Chọn tổ trưởng có 15 cách. Sau khi chọn tổ trưởng, còn lại 14 học sinh. Chọn tổ phó từ 14 học sinh này có 14 cách. Vậy số cách chọn là 15 + 14 = 29.",2,CAL,Incorrectly added the number of ways to choose the leader and the deputy instead of multiplying.,true,The student confused the counting principle (multiplication) with simple addition.
"Một tổ có 15 học sinh. Số cách chọn ra 2 học sinh từ tổ đó để làm tổ trưởng và tổ phó là:
A. $A_{15}^2$.
B. $A_{15}^1$.
C. $C_{15}^2$.
D. $15^2$.","Vì cần chọn 2 học sinh từ 15 học sinh, nên số cách chọn là tổ hợp chập 2 của 15, tức là C(15,2) = 15!/(2!13!) = (15*14)/2 = 105.",1,FC,Used combination (C) instead of permutation (A) because the positions (leader and deputy) are distinct.,true,The student didn't recognize that the order matters (leader vs. deputy).
"Một tổ có 15 học sinh. Số cách chọn ra 2 học sinh từ tổ đó để làm tổ trưởng và tổ phó là:
A. $A_{15}^2$.
B. $A_{15}^1$.
C. $C_{15}^2$.
D. $15^2$.","Số cách chọn 2 học sinh từ 15 học sinh là A(15,2) = 15!/(15-2)! = 15*14 = 210. Nhưng vì không quan trọng thứ tự nên chia 2, kết quả là 105.",2,CS,The problem requires permutation because the positions are distinct (leader and deputy). Dividing by 2 is only appropriate for combinations.,true,The student started with the correct permutation formula but then incorrectly applied a combination adjustment.
"Một tổ có 15 học sinh. Số cách chọn ra 2 học sinh từ tổ đó để làm tổ trưởng và tổ phó là:
A. $A_{15}^2$.
B. $A_{15}^1$.
C. $C_{15}^2$.
D. $15^2$.",Tổ có 15 học sinh. Chọn 2 học sinh để làm tổ trưởng và tổ phó. Vậy số cách chọn là 15.,1,MIS,"The student failed to understand that the positions (leader and deputy) are distinct, and therefore order matters.",true,"The student completely misinterpreted the question, ignoring the different roles."
"Gieo một con xúc sắc cân đối hai lần liên tiếp. Xác suất của biến cố: ""Số chấm xuất hiện ở hai lần gieo có tổng bằng 5"" bằng:
A. $\frac{1}{9}$.
B. $\frac{1}{36}$.
C. $\frac{5}{36}$.
D. $\frac{5}{6}$.","Các kết quả có thể xảy ra khi gieo xúc sắc hai lần là: (1,1), (1,2), ..., (6,6). Tổng số kết quả là 6. Các kết quả có tổng bằng 5 là (1,4), (2,3), (3,2), (4,1). Vậy xác suất là 4/6 = 2/3.",1,KNOW,"Incorrectly calculated the total number of possible outcomes. It should be 6*6 = 36, not 6.",true,The error in calculating the total number of outcomes leads to an incorrect probability.
"Gieo một con xúc sắc cân đối hai lần liên tiếp. Xác suất của biến cố: ""Số chấm xuất hiện ở hai lần gieo có tổng bằng 5"" bằng:
A. $\frac{1}{9}$.
B. $\frac{1}{36}$.
C. $\frac{5}{36}$.
D. $\frac{5}{6}$.","Xúc sắc có 6 mặt, mỗi mặt có giá trị từ 1 đến 6. Để tổng bằng 5, ta có thể có (1,4) hoặc (4,1). Vậy xác suất là 2/12 = 1/6.",2,CV,Incorrectly assumes the total number of outcomes is 12. It should be 36.,true,"The denominator is wrong, leading to an incorrect probability."
"Gieo một con xúc sắc cân đối hai lần liên tiếp. Xác suất của biến cố: ""Số chấm xuất hiện ở hai lần gieo có tổng bằng 5"" bằng:
A. $\frac{1}{9}$.
B. $\frac{1}{36}$.
C. $\frac{5}{36}$.
D. $\frac{5}{6}$.","Tổng số kết quả có thể là 36. Các kết quả có tổng bằng 5 là (1,4), (2,3), (3,2), (4,1), (5,0). Vậy xác suất là 5/36.",3,HA,"Introduces a fictitious outcome (5,0) which is impossible with a standard six-sided die.",true,The hallucinated outcome affects the calculation of the probability.
"Trong mặt phẳng tọa độ Oxy, phương trình tiếp tuyến với đường tròn (C) : $x^2 + y^2 = 4$ tại điểm M(2; 0) là:
A. y – 2 = 0.
B. y – 4 = 0.
C. x – 2 = 0.
D. x + y – 2 = 0.","Đường tròn (C): x^2 + y^2 = 4, tâm O(0;0), bán kính R = 2.
Điểm M(2;0) thuộc đường tròn.
Phương trình tiếp tuyến có dạng y = kx + b.
Thay M(2;0) vào: 0 = 2k + b => b = -2k.
Vậy phương trình tiếp tuyến là y = kx - 2k.
Chọn k = 1 => y = x - 2 => x - y - 2 = 0.",2,MS,Missing the step of finding the slope 'k' using the fact that the radius OM is perpendicular to the tangent line.  The student arbitrarily chose k=1.,true,The student started with the general line equation but failed to use the geometric relationship between the radius and the tangent.
"Trong mặt phẳng tọa độ Oxy, phương trình tiếp tuyến với đường tròn (C) : $x^2 + y^2 = 4$ tại điểm M(2; 0) là:
A. y – 2 = 0.
B. y – 4 = 0.
C. x – 2 = 0.
D. x + y – 2 = 0.","Đường tròn (C): x^2 + y^2 = 4, tâm O(0;0), bán kính R = 2.
Điểm M(2;0) thuộc đường tròn.
Tiếp tuyến tại M có dạng x + y + c = 0.
Thay M(2;0) vào: 2 + 0 + c = 0 => c = -2.
Vậy phương trình tiếp tuyến là x + y - 2 = 0.",3,KNOW,Incorrectly assumed the form of the tangent line. The tangent line is not necessarily in the form x + y + c = 0.,true,The student assumed a specific form for the tangent line without justification.
"Trong mặt phẳng tọa độ Oxy, phương trình tiếp tuyến với đường tròn (C) : $x^2 + y^2 = 4$ tại điểm M(2; 0) là:
A. y – 2 = 0.
B. y – 4 = 0.
C. x – 2 = 0.
D. x + y – 2 = 0.","Đường tròn (C): x^2 + y^2 = 4, tâm O(0;0), bán kính R = 2.
Điểm M(2;0) thuộc đường tròn.
Tiếp tuyến tại M có dạng y = 0. (vì M nằm trên trục x)",3,REAS,"Incorrect reasoning. While M lies on the x-axis, the tangent line is not necessarily the x-axis itself.",true,The student incorrectly concluded that the tangent line must be the x-axis simply because the point lies on it.
"Trong mặt phẳng tọa độ Oxy, phương trình tiếp tuyến với đường tròn (C) : $x^2 + y^2 = 4$ tại điểm M(2; 0) là:
A. y – 2 = 0.
B. y – 4 = 0.
C. x – 2 = 0.
D. x + y – 2 = 0.","Đường tròn (C): x^2 + y^2 = 4, tâm O(0;0), bán kính R = 2.
Điểm M(2;0) thuộc đường tròn.
Phương trình tiếp tuyến là x = 2. (vì M có hoành độ là 2)",3,REAS,Incorrect reasoning. The tangent line is not necessarily vertical just because the point has an x-coordinate of 2.,true,The student incorrectly assumed the tangent line is vertical.
"Trên giá sách có 12 sách khoa học, 6 quyển tiểu thuyết và 2 cuốn hồi kí. Một bạn chọn ra 3 quyển để đọc.
a) Xác suất của biến cố ""Ba quyển được chọn đều là sách khoa học"" bằng $\frac{1}{9}$.
b) Xác suất của biến cố: ""Ba quyển được chọn thuộc ba thể loại khác nhau"" bằng $\frac{83}{95}$.
c) Xác suất của biến cố: ""Ba quyển được chọn thuộc cùng một thể loại"" bằng $\frac{2}{19}$.
d) Xác suất của biến cố: ""Ít nhất một quyển hồi kí được chọn"" bằng $\frac{68}{95}$.","a) Số cách chọn 3 quyển sách khoa học từ 12 quyển là: C(12,3) = 12*11*10/3*2*1 = 220. Tổng số cách chọn 3 quyển từ 20 quyển là: C(20,3) = 20*19*18/3*2*1 = 1140. Xác suất là 220/1140 = 11/57.",2,CAL,"Incorrect calculation of C(20,3). Should be 1140, but the student made an arithmetic error.",true,The error in calculating the total number of combinations affects the final probability.
"Trên giá sách có 12 sách khoa học, 6 quyển tiểu thuyết và 2 cuốn hồi kí. Một bạn chọn ra 3 quyển để đọc.
a) Xác suất của biến cố ""Ba quyển được chọn đều là sách khoa học"" bằng $\frac{1}{9}$.
b) Xác suất của biến cố: ""Ba quyển được chọn thuộc ba thể loại khác nhau"" bằng $\frac{83}{95}$.
c) Xác suất của biến cố: ""Ba quyển được chọn thuộc cùng một thể loại"" bằng $\frac{2}{19}$.
d) Xác suất của biến cố: ""Ít nhất một quyển hồi kí được chọn"" bằng $\frac{68}{95}$.","b) Số cách chọn 3 quyển thuộc ba thể loại khác nhau là: 12 * 6 * 2 = 144. Tổng số cách chọn 3 quyển là C(20,3) = 1140. Xác suất là 144/1140 = 12/95.",1,REAS,"Incorrectly calculated the number of ways to choose one book from each genre. It should be multiplication, but the student didn't consider the order doesn't matter.",true,The reasoning error in calculating the number of favorable outcomes leads to an incorrect probability.
"Trên giá sách có 12 sách khoa học, 6 quyển tiểu thuyết và 2 cuốn hồi kí. Một bạn chọn ra 3 quyển để đọc.
a) Xác suất của biến cố ""Ba quyển được chọn đều là sách khoa học"" bằng $\frac{1}{9}$.
b) Xác suất của biến cố: ""Ba quyển được chọn thuộc ba thể loại khác nhau"" bằng $\frac{83}{95}$.
c) Xác suất của biến cố: ""Ba quyển được chọn thuộc cùng một thể loại"" bằng $\frac{2}{19}$.
d) Xác suất của biến cố: ""Ít nhất một quyển hồi kí được chọn"" bằng $\frac{68}{95}$.","d) Xác suất không có quyển hồi kí nào được chọn là: C(18,3)/C(20,3) = (18*17*16)/(20*19*18) = 153/190. Vậy xác suất có ít nhất một quyển hồi kí là 1 - 153/190 = 37/190.",2,CAL,"Incorrect simplification of the fraction (18*17*16)/(20*19*18). Should be 153/190, but the student made an error.",true,"The calculation error affects the probability of not selecting any memoirs, and consequently, the probability of selecting at least one."
"Trên giá sách có 12 sách khoa học, 6 quyển tiểu thuyết và 2 cuốn hồi kí. Một bạn chọn ra 3 quyển để đọc.
a) Xác suất của biến cố ""Ba quyển được chọn đều là sách khoa học"" bằng $\frac{1}{9}$.
b) Xác suất của biến cố: ""Ba quyển được chọn thuộc ba thể loại khác nhau"" bằng $\frac{83}{95}$.
c) Xác suất của biến cố: ""Ba quyển được chọn thuộc cùng một thể loại"" bằng $\frac{2}{19}$.
d) Xác suất của biến cố: ""Ít nhất một quyển hồi kí được chọn"" bằng $\frac{68}{95}$.","a) Tổng số sách là 12 + 6 + 2 = 21. Số cách chọn 3 quyển sách khoa học là C(12,3) = 220. Tổng số cách chọn 3 quyển là C(21,3) = 21*20*19/6 = 1330. Xác suất là 220/1330 = 22/133.",1,CV,Incorrectly stated the total number of books as 21 instead of 20.,true,The context value error propagates through the entire solution.
"Trên giá sách có 12 sách khoa học, 6 quyển tiểu thuyết và 2 cuốn hồi kí. Một bạn chọn ra 3 quyển để đọc.
a) Xác suất của biến cố ""Ba quyển được chọn đều là sách khoa học"" bằng $\frac{1}{9}$.
b) Xác suất của biến cố: ""Ba quyển được chọn thuộc ba thể loại khác nhau"" bằng $\frac{83}{95}$.
c) Xác suất của biến cố: ""Ba quyển được chọn thuộc cùng một thể loại"" bằng $\frac{2}{19}$.
d) Xác suất của biến cố: ""Ít nhất một quyển hồi kí được chọn"" bằng $\frac{68}{95}$.","b) Xác suất chọn 3 quyển khác nhau là: P(khoa học) + P(tiểu thuyết) + P(hồi kí) = C(12,3)/C(20,3) + C(6,3)/C(20,3) + C(2,3)/C(20,3) = 220/1140 + 20/1140 + 0/1140 = 240/1140 = 4/19.",1,REAS,"Incorrectly added probabilities of mutually exclusive events. The question asks for the probability of selecting one of each genre, not the sum of probabilities of selecting only one genre.",true,The reasoning error leads to an incorrect interpretation of the problem and an incorrect probability.
"Trên giá sách có 12 sách khoa học, 6 quyển tiểu thuyết và 2 cuốn hồi kí. Một bạn chọn ra 3 quyển để đọc.
a) Xác suất của biến cố ""Ba quyển được chọn đều là sách khoa học"" bằng $\frac{1}{9}$.
b) Xác suất của biến cố: ""Ba quyển được chọn thuộc ba thể loại khác nhau"" bằng $\frac{83}{95}$.
c) Xác suất của biến cố: ""Ba quyển được chọn thuộc cùng một thể loại"" bằng $\frac{2}{19}$.
d) Xác suất của biến cố: ""Ít nhất một quyển hồi kí được chọn"" bằng $\frac{68}{95}$.","d) Xác suất chọn ít nhất một quyển hồi kí là: Số cách chọn 1 quyển hồi kí và 2 quyển khác là C(2,1)*C(18,2) = 2 * (18*17/2) = 306. Xác suất là 306/20 = 15.3.",2,MIS,"Divided the number of favorable outcomes by 20 instead of the total number of possible outcomes, C(20,3) = 1140. Also, a probability cannot be greater than 1.",true,The misinterpretation of the question and incorrect denominator lead to an invalid probability.
"Cho nhị thức $(2x+3)^6$.
a) Số hạng chứa $x^3$ trong khai triển Newton của nhị thức trên là $64x^3$.
b) Hệ số của số hạng chứa $x^4$ trong khai triển Newton của nhị thức trên là 4120.
c) Số hạng không chứa x trong khai triển Newton của nhị thức trên là 729.
d) Tổng các hệ số trong khai triển Newton của nhị thức bằng 15625.",b) Hệ số của số hạng chứa $x^4$ trong khai triển Newton của $(2x+3)^6$ là $C_6^4 (2x)^4 3^2 = 15 * 16x^4 * 9 = 2160x^4$.,1,FC,The solution calculates the term itself instead of just the coefficient. It includes $x^4$ in the final result.,true,Misunderstanding of what the question asks for (coefficient vs. the entire term).
"Cho nhị thức $(2x+3)^6$.
a) Số hạng chứa $x^3$ trong khai triển Newton của nhị thức trên là $64x^3$.
b) Hệ số của số hạng chứa $x^4$ trong khai triển Newton của nhị thức trên là 4120.
c) Số hạng không chứa x trong khai triển Newton của nhị thức trên là 729.
d) Tổng các hệ số trong khai triển Newton của nhị thức bằng 15625.",c) Số hạng không chứa x trong khai triển Newton của $(2x+3)^6$ là $C_6^6 (2x)^6 3^0 = 1 * 64x^6 * 1 = 64x^6$.,1,KNOW,Incorrectly identified the term without x. It calculated the term with x^6 instead of x^0.,true,Fundamental misunderstanding of how to find the constant term.
"Trong mặt phẳng Oxy, cho hai điểm A(1; 2); B(–3; 4), đường thẳng d : 3x + 4y – 5 = 0 và đường thẳng Δ : 2x – y + 7 = 0.
a) Đường thẳng đi qua điểm A và vuông góc với đường thẳng d có phương trình 4x + 3y – 2 = 0.
b) Đường tròn đường kính AB có phương trình $(x+1)^2 + (y-3)^2 = 5$.
c) Đường tròn tâm B tiếp xúc với đường thẳng d có phương trình $(x+3)^2 + (y-4)^2 = \frac{4}{25}$.
d) Có 1 phương trình tiếp tuyến của đường tròn đường kính AB song song với đường thẳng Δ.",a) Đường thẳng d có hệ số góc là -3/4. Đường thẳng vuông góc với d có hệ số góc 4/3. Phương trình đường thẳng đi qua A(1;2) và có hệ số góc 4/3 là: y - 2 = (4/3)(x - 1) => 3y - 6 = 4x - 4 => 4x - 3y + 2 = 0.,3,OP,"Incorrect sign in the equation after rearranging. Should be 4x - 3y - 2 = 0, not 4x - 3y + 2 = 0.",true,Simple sign error in the final equation.
"Trong mặt phẳng Oxy, cho hai điểm A(1; 2); B(–3; 4), đường thẳng d : 3x + 4y – 5 = 0 và đường thẳng Δ : 2x – y + 7 = 0.
a) Đường thẳng đi qua điểm A và vuông góc với đường thẳng d có phương trình 4x + 3y – 2 = 0.
b) Đường tròn đường kính AB có phương trình $(x+1)^2 + (y-3)^2 = 5$.
c) Đường tròn tâm B tiếp xúc với đường thẳng d có phương trình $(x+3)^2 + (y-4)^2 = \frac{4}{25}$.
d) Có 1 phương trình tiếp tuyến của đường tròn đường kính AB song song với đường thẳng Δ.",a) Đường thẳng đi qua A(1;2) và vuông góc với d: 3x + 4y - 5 = 0 có phương trình 4x + 3y + c = 0. Thay A(1;2) vào: 4*1 + 3*2 + c = 0 => 10 + c = 0 => c = -10. Vậy phương trình là 4x + 3y - 10 = 0.,3,CAL,"Incorrect sign in the final equation. Should be 4x + 3y - 10 = 0, but the student wrote 4x + 3y + 10 = 0.",true,Simple arithmetic error.
"Trong mặt phẳng Oxy, cho hai điểm A(1; 2); B(–3; 4), đường thẳng d : 3x + 4y – 5 = 0 và đường thẳng Δ : 2x – y + 7 = 0.
a) Đường thẳng đi qua điểm A và vuông góc với đường thẳng d có phương trình 4x + 3y – 2 = 0.
b) Đường tròn đường kính AB có phương trình $(x+1)^2 + (y-3)^2 = 5$.
c) Đường tròn tâm B tiếp xúc với đường thẳng d có phương trình $(x+3)^2 + (y-4)^2 = \frac{4}{25}$.
d) Có 1 phương trình tiếp tuyến của đường tròn đường kính AB song song với đường thẳng Δ.",b) Đường tròn đường kính AB có tâm I(-1;3) và bán kính R = sqrt((-3-1)^2 + (4-2)^2) = sqrt(16+4) = sqrt(20). Phương trình đường tròn là (x+1)^2 + (y-3)^2 = 20.,3,CAL,"Incorrectly squaring the radius. R = sqrt(20), so R^2 = 20, not 5.",true,Error in squaring the radius.
"Trong mặt phẳng Oxy, cho hai điểm A(1; 2); B(–3; 4), đường thẳng d : 3x + 4y – 5 = 0 và đường thẳng Δ : 2x – y + 7 = 0.
a) Đường thẳng đi qua điểm A và vuông góc với đường thẳng d có phương trình 4x + 3y – 2 = 0.
b) Đường tròn đường kính AB có phương trình $(x+1)^2 + (y-3)^2 = 5$.
c) Đường tròn tâm B tiếp xúc với đường thẳng d có phương trình $(x+3)^2 + (y-4)^2 = \frac{4}{25}$.
d) Có 1 phương trình tiếp tuyến của đường tròn đường kính AB song song với đường thẳng Δ.",c) Đường tròn tâm B(-3;4) tiếp xúc với đường thẳng d: 3x + 4y - 5 = 0. Bán kính R là khoảng cách từ B đến d: R = |3*(-3) + 4*4 - 5|/sqrt(3^2 + 4^2) = | -9 + 16 - 5|/5 = 2/5. Phương trình đường tròn là (x-3)^2 + (y-4)^2 = (2/5)^2 = 4/25.,3,CV,"Incorrect center coordinates in the equation. The center is B(-3, 4), so the equation should be (x+3)^2 + (y-4)^2 = 4/25, not (x-3)^2 + (y-4)^2 = 4/25.",true,Incorrect center coordinates.
"Trong mặt phẳng Oxy, cho hai điểm A(1; 2); B(–3; 4), đường thẳng d : 3x + 4y – 5 = 0 và đường thẳng Δ : 2x – y + 7 = 0.
a) Đường thẳng đi qua điểm A và vuông góc với đường thẳng d có phương trình 4x + 3y – 2 = 0.
b) Đường tròn đường kính AB có phương trình $(x+1)^2 + (y-3)^2 = 5$.
c) Đường tròn tâm B tiếp xúc với đường thẳng d có phương trình $(x+3)^2 + (y-4)^2 = \frac{4}{25}$.
d) Có 1 phương trình tiếp tuyến của đường tròn đường kính AB song song với đường thẳng Δ.",d) Đường tròn (x+1)^2 + (y-3)^2 = 5 có tâm I(-1;3) và bán kính R = sqrt(5). Đường thẳng Δ: 2x - y + 7 = 0. Tiếp tuyến song song với Δ có dạng 2x - y + c = 0. Khoảng cách từ I đến Δ là d = |2*(-1) - 3 + 7|/sqrt(5) = 2/sqrt(5). Vậy không có tiếp tuyến nào song song với Δ.,4,KNOW,Incorrect conclusion. The distance from the center to the line is not relevant to determining if a tangent exists. The condition for tangency is that the distance from the center to the line equals the radius.,true,Misunderstanding of the tangency condition.
"Trong mặt phẳng Oxy, cho hai điểm A(1; 2); B(–3; 4), đường thẳng d : 3x + 4y – 5 = 0 và đường thẳng Δ : 2x – y + 7 = 0.
a) Đường thẳng đi qua điểm A và vuông góc với đường thẳng d có phương trình 4x + 3y – 2 = 0.
b) Đường tròn đường kính AB có phương trình $(x+1)^2 + (y-3)^2 = 5$.
c) Đường tròn tâm B tiếp xúc với đường thẳng d có phương trình $(x+3)^2 + (y-4)^2 = \frac{4}{25}$.
d) Có 1 phương trình tiếp tuyến của đường tròn đường kính AB song song với đường thẳng Δ.",a) Hệ số góc của d là -3/4. Hệ số góc của đường thẳng vuông góc là 4/3. Phương trình đường thẳng qua A(1;2) là y - 2 = (4/3)(x + 1). => 3y - 6 = 4x + 4 => 4x - 3y + 10 = 0.,2,OP,"Incorrect sign in the equation. Should be (x-1), not (x+1).",true,Sign error in the equation.
"Trong mặt phẳng Oxy, cho hai điểm A(1; 2); B(–3; 4), đường thẳng d : 3x + 4y – 5 = 0 và đường thẳng Δ : 2x – y + 7 = 0.
a) Đường thẳng đi qua điểm A và vuông góc với đường thẳng d có phương trình 4x + 3y – 2 = 0.
b) Đường tròn đường kính AB có phương trình $(x+1)^2 + (y-3)^2 = 5$.
c) Đường tròn tâm B tiếp xúc với đường thẳng d có phương trình $(x+3)^2 + (y-4)^2 = \frac{4}{25}$.
d) Có 1 phương trình tiếp tuyến của đường tròn đường kính AB song song với đường thẳng Δ.",b) Đường tròn đường kính AB có tâm I(-1;3). Bán kính R = sqrt((-1-1)^2 + (3-2)^2) = sqrt(4+1) = sqrt(5). Phương trình đường tròn là (x-1)^2 + (y-3)^2 = 5.,2,CAL,"Incorrect calculation of the radius. The radius should be calculated using points A and B, not I and A.",true,Incorrect points used for radius calculation.
"Trong mặt phẳng với hệ trục tọa độ xét:
a) Tập hợp tất cả điểm M(x; y) nằm trên hypebol (H) : $\frac{x^2}{4} - \frac{y^2}{3} = 1$ luôn luôn thỏa mãn hệ thức $|MF_1 - MF_2| = 4$.
b) Elip (E) : $\frac{x^2}{10} + \frac{y^2}{6} = 1$ có một tiêu điểm là $F_2(4; 0)$.
c) Đường thẳng $x = –2$ là phương trình đường chuẩn của parabol (P) : $y^2 = 8x$.
d) Elip (E) : $\frac{x^2}{8} + \frac{y^2}{3} = 1$ có diện tích hình chữ nhật cơ sở là $8\sqrt{6}$.","b) Elip (E) có a^2 = 10, b^2 = 6. c^2 = a^2 + b^2 = 16, suy ra c = 4. Vậy tiêu điểm F2(4; 0) thỏa mãn.",2,KNOW,"Sai công thức tính c^2 cho elip. Với elip, c^2 = a^2 - b^2, không phải a^2 + b^2.",true,"Sai công thức tính c, dẫn đến kết quả sai."
"Trong mặt phẳng với hệ trục tọa độ xét:
a) Tập hợp tất cả điểm M(x; y) nằm trên hypebol (H) : $\frac{x^2}{4} - \frac{y^2}{3} = 1$ luôn luôn thỏa mãn hệ thức $|MF_1 - MF_2| = 4$.
b) Elip (E) : $\frac{x^2}{10} + \frac{y^2}{6} = 1$ có một tiêu điểm là $F_2(4; 0)$.
c) Đường thẳng $x = –2$ là phương trình đường chuẩn của parabol (P) : $y^2 = 8x$.
d) Elip (E) : $\frac{x^2}{8} + \frac{y^2}{3} = 1$ có diện tích hình chữ nhật cơ sở là $8\sqrt{6}$.","c) Đường thẳng x = -2 là phương trình đường chuẩn của parabol (P) : y^2 = 8x. Vì p = 4, nên đường chuẩn là x = -4.",2,CAL,"Tính toán sai p. 4p = 8 suy ra p = 2, không phải p = 4.",true,"Sai ở bước tính p, dẫn đến phương trình đường chuẩn sai."
"Trong mặt phẳng với hệ trục tọa độ xét:
a) Tập hợp tất cả điểm M(x; y) nằm trên hypebol (H) : $\frac{x^2}{4} - \frac{y^2}{3} = 1$ luôn luôn thỏa mãn hệ thức $|MF_1 - MF_2| = 4$.
b) Elip (E) : $\frac{x^2}{10} + \frac{y^2}{6} = 1$ có một tiêu điểm là $F_2(4; 0)$.
c) Đường thẳng $x = –2$ là phương trình đường chuẩn của parabol (P) : $y^2 = 8x$.
d) Elip (E) : $\frac{x^2}{8} + \frac{y^2}{3} = 1$ có diện tích hình chữ nhật cơ sở là $8\sqrt{6}$.",a) Tập hợp tất cả điểm M(x; y) nằm trên hypebol (H) : x^2/4 - y^2/3 = 1 luôn luôn thỏa mãn hệ thức |MF1 - MF2| = 2. Vì 2a = 4.,1,CAL,"Sai giá trị 2a. Với hypebol, 2a = 4, không phải 2.",true,"Sai ở bước xác định 2a, dẫn đến kết quả sai."
"Trong mặt phẳng với hệ trục tọa độ xét:
a) Tập hợp tất cả điểm M(x; y) nằm trên hypebol (H) : $\frac{x^2}{4} - \frac{y^2}{3} = 1$ luôn luôn thỏa mãn hệ thức $|MF_1 - MF_2| = 4$.
b) Elip (E) : $\frac{x^2}{10} + \frac{y^2}{6} = 1$ có một tiêu điểm là $F_2(4; 0)$.
c) Đường thẳng $x = –2$ là phương trình đường chuẩn của parabol (P) : $y^2 = 8x$.
d) Elip (E) : $\frac{x^2}{8} + \frac{y^2}{3} = 1$ có diện tích hình chữ nhật cơ sở là $8\sqrt{6}$.","b) Elip (E) : x^2/10 + y^2/6 = 1 có một tiêu điểm là F2(4; 0). Vì a^2 = 10, b^2 = 6, nên a = sqrt(10), b = sqrt(6). Vậy F2(sqrt(10); 0).",3,REAS,Suy luận sai về vị trí tiêu điểm. Tiêu điểm không thể là căn bậc hai của a^2.,true,Học sinh không hiểu rõ về vị trí tiêu điểm của elip.
"Trên mặt phẳng Oxy, ta xét một hình chữ nhật ABCD với các điểm A(–3; 0); B(–3; 2); C(2; 0) và D(2; 2). Một con châu chấu nhảy trong hình chữ nhật đó tính cả trên cạnh hình chữ nhật sao cho chân nó luôn đáp xuống mặt phẳng tại các điểm có tọa độ nguyên (tức là điểm có cả hoành độ và tung độ đều nguyên). Tính xác suất để nó đáp xuống các điểm M(x; y) sao cho x + y ≤ 1 (Làm tròn kết quả đến hàng phần trăm).","Hình chữ nhật ABCD có chiều dài 5, chiều rộng 2. Diện tích hình chữ nhật là 5 * 2 = 10.  Vùng x + y ≤ 1 là một tam giác với các đỉnh (-3, 2), (2, 2), (-3, 0). Diện tích tam giác là 1/2 * 5 * 2 = 5. Xác suất là 5/10 = 0.5",2,FC,"Applying area calculations to a discrete problem (counting integer points).  The problem requires counting points, not calculating areas.",true,Incorrectly uses area to represent probability in a discrete space.
"Trên mặt phẳng Oxy, ta xét một hình chữ nhật ABCD với các điểm A(–3; 0); B(–3; 2); C(2; 0) và D(2; 2). Một con châu chấu nhảy trong hình chữ nhật đó tính cả trên cạnh hình chữ nhật sao cho chân nó luôn đáp xuống mặt phẳng tại các điểm có tọa độ nguyên (tức là điểm có cả hoành độ và tung độ đều nguyên). Tính xác suất để nó đáp xuống các điểm M(x; y) sao cho x + y ≤ 1 (Làm tròn kết quả đến hàng phần trăm).","Tổng số điểm có tọa độ nguyên là (5+1)(2+1) = 6*3 = 18.  Các điểm thỏa mãn x + y ≤ 1 là: (-3, 0), (-3, 1), (-3, 2), (-2, 0), (-2, 1), (-2, 2), (-1, 0), (-1, 1), (-1, 2), (0, 0), (0, 1), (0, 2), (1, 0), (1, 1), (1, 2). Vậy có 15 điểm. Xác suất là 15/18 = 0.83",2,CO,Incorrectly counted the number of points satisfying x + y ≤ 1. Missed some points or included incorrect ones.,true,The counting of points satisfying the inequality is flawed.
"Trên mặt phẳng Oxy, ta xét một hình chữ nhật ABCD với các điểm A(–3; 0); B(–3; 2); C(2; 0) và D(2; 2). Một con châu chấu nhảy trong hình chữ nhật đó tính cả trên cạnh hình chữ nhật sao cho chân nó luôn đáp xuống mặt phẳng tại các điểm có tọa độ nguyên (tức là điểm có cả hoành độ và tung độ đều nguyên). Tính xác suất để nó đáp xuống các điểm M(x; y) sao cho x + y ≤ 1 (Làm tròn kết quả đến hàng phần trăm).","Hình chữ nhật có các điểm A(-3,0), B(-3,2), C(2,0), D(2,2).  Số điểm có tọa độ nguyên là (2-(-3)+1)*(2-0+1) = 6*3 = 18.  x + y ≤ 1.  Nếu x = 0, y = 0 thì thỏa mãn. Vậy có 1 điểm thỏa mãn. Xác suất là 1/18 = 0.06",3,MIS,"Only considered the point (0,0) as satisfying the condition x + y ≤ 1, ignoring all other possible points.",true,Misinterpreted the condition and only considered one point.
"Trên mặt phẳng Oxy, ta xét một hình chữ nhật ABCD với các điểm A(–3; 0); B(–3; 2); C(2; 0) và D(2; 2). Một con châu chấu nhảy trong hình chữ nhật đó tính cả trên cạnh hình chữ nhật sao cho chân nó luôn đáp xuống mặt phẳng tại các điểm có tọa độ nguyên (tức là điểm có cả hoành độ và tung độ đều nguyên). Tính xác suất để nó đáp xuống các điểm M(x; y) sao cho x + y ≤ 1 (Làm tròn kết quả đến hàng phần trăm).","Số điểm nguyên trong hình chữ nhật là (2 - (-3)) * (2 - 0) = 5 * 2 = 10.  Số điểm thỏa mãn x + y ≤ 1 là: (-3, 0), (-2, 0), (-1, 0), (0, 0), (0, 1). Vậy có 5 điểm. Xác suất là 5/10 = 0.5",1,CAL,Incorrectly calculated the total number of integer points. It should be (2 - (-3) + 1) * (2 - 0 + 1) = 6 * 3 = 18.,true,Incorrect calculation of total points leads to a wrong probability.
"Trên mặt phẳng Oxy, ta xét một hình chữ nhật ABCD với các điểm A(–3; 0); B(–3; 2); C(2; 0) và D(2; 2). Một con châu chấu nhảy trong hình chữ nhật đó tính cả trên cạnh hình chữ nhật sao cho chân nó luôn đáp xuống mặt phẳng tại các điểm có tọa độ nguyên (tức là điểm có cả hoành độ và tung độ đều nguyên). Tính xác suất để nó đáp xuống các điểm M(x; y) sao cho x + y ≤ 1 (Làm tròn kết quả đến hàng phần trăm).","Số điểm nguyên trong hình chữ nhật là 6 * 3 = 18.  x + y ≤ 1.  x + y = 1.  Các điểm thỏa mãn là (-3, 4), (-2, 3), (-1, 2), (0, 1), (1, 0). Vậy có 5 điểm. Xác suất là 5/18 = 0.28",2,REAS,"Incorrectly interpreted the inequality x + y ≤ 1 as x + y = 1, leading to an incorrect set of points.",true,Incorrectly changed the inequality to an equality.
"Trên mặt phẳng Oxy, ta xét một hình chữ nhật ABCD với các điểm A(–3; 0); B(–3; 2); C(2; 0) và D(2; 2). Một con châu chấu nhảy trong hình chữ nhật đó tính cả trên cạnh hình chữ nhật sao cho chân nó luôn đáp xuống mặt phẳng tại các điểm có tọa độ nguyên (tức là điểm có cả hoành độ và tung độ đều nguyên). Tính xác suất để nó đáp xuống các điểm M(x; y) sao cho x + y ≤ 1 (Làm tròn kết quả đến hàng phần trăm).","Tổng số điểm nguyên là (2+3+1)*(2+0+1) = 6*3 = 18.  x + y ≤ 1.  Các điểm thỏa mãn là (-3, 0), (-3, 1), (-2, 0), (-2, 1), (-1, 0), (-1, 1), (0, 0), (0, 1), (1, 0). Vậy có 9 điểm. Xác suất là 9/18 = 0.5",1,CAL,The calculation of the total number of integer points is incorrect. It should be (2 - (-3) + 1) * (2 - 0 + 1) = 6 * 3 = 18.,true,"The initial calculation is wrong, but the rest of the solution is logically consistent given that error."
Cho đường tròn (C) : $(x-a)^2 + (y-b)^2 = 10$ tiếp xúc với đường thẳng Δ : x + 3y – 16 = 0 tại A(4; 4). Tính $\frac{b}{a}$ biết rằng giá trị của b > 5.,Gọi tâm I(a; b). Vì (C) tiếp xúc Δ tại A(4; 4) nên IA vuông góc Δ. Phương trình Δ: x + 3y - 16 = 0. Vector pháp tuyến của Δ là n = (1; 3). Đường thẳng IA có phương trình: x + 3y + c = 0. Vì A(4; 4) thuộc IA nên 4 + 3*4 + c = 0 => c = -16. Vậy IA: x + 3y - 16 = 0. Khoảng cách từ I(a; b) đến Δ là R = √10. => |a + 3b - 16| / √10 = √10 => |a + 3b - 16| = 10. => a + 3b - 16 = 10 hoặc a + 3b - 16 = -10. => a + 3b = 26 hoặc a + 3b = 6. Vì A(4;4) thuộc đường tròn nên (4-a)^2 + (4-b)^2 = 10. Không giải được.,3,FC,"Incorrectly used the equation of a line. The line IA is perpendicular to the tangent line Δ, so its equation should be of the form 3x - y + c = 0, not x + 3y + c = 0.",true,The incorrect line equation leads to an incorrect distance calculation and ultimately prevents solving for a and b.
Cho đường tròn (C) : $(x-a)^2 + (y-b)^2 = 10$ tiếp xúc với đường thẳng Δ : x + 3y – 16 = 0 tại A(4; 4). Tính $\frac{b}{a}$ biết rằng giá trị của b > 5.,"Gọi tâm I(a; b). Vì (C) tiếp xúc Δ tại A(4; 4) nên IA vuông góc Δ. Phương trình Δ: x + 3y - 16 = 0. Vector pháp tuyến của Δ là n = (1; 3). Đường thẳng IA có phương trình: 3(x - 4) - (y - 4) = 0 => 3x - y - 8 = 0. Vì I(a; b) thuộc IA nên 3a - b - 8 = 0. Mặt khác, IA = R = √10. IA^2 = (a - 4)^2 + (b - 4)^2 = 10. Thay b = 3a - 8 vào, ta có: (a - 4)^2 + (3a - 12)^2 = 10 => a^2 - 8a + 16 + 9a^2 - 72a + 144 = 10 => 10a^2 - 80a + 160 = 0 => a^2 - 8a + 16 = 0 => (a - 4)^2 = 0. Vậy a = 4. Nếu a = 4 thì b = 3*4 - 8 = 4. Vì b > 5 nên không có nghiệm.",8,CAL,"Incorrectly simplified the quadratic equation. 10a^2 - 80a + 160 = 0 simplifies to a^2 - 8a + 16 = 0, which is correct, but the subsequent conclusion is wrong. The solution a=4 leads to b=4, which does not satisfy b>5.",true,"The error is in the final conclusion. The solution a=4, b=4 is valid for the equations, but doesn't meet the condition b>5."
"Cho tứ giác ABCD . Trên mỗi cạnh AB, BC, CD, DA lấy 6 điểm phân biệt và không có điểm nào trùng với 4 đỉnh A, B, C, D . Hỏi từ 28 điểm đã cho lập được bao nhiêu tam giác","Số điểm trên mỗi cạnh là 6. Tổng số điểm là 6*4 = 24. Số tam giác có thể lập được từ 24 điểm là C(24,3) = 24*23*22 / (3*2*1) = 2024. Tuy nhiên, cần trừ đi các trường hợp 3 điểm cùng nằm trên một cạnh. Có 4 cạnh, mỗi cạnh có C(6,3) = 20 tam giác. Vậy số tam giác là 2024 - 4*20 = 1944.",1,CAL,"Incorrectly calculated the total number of points. It should be 6*4 + 4 = 28, not 24.",true,The initial calculation error propagates through the rest of the solution.
"Cho tứ giác ABCD . Trên mỗi cạnh AB, BC, CD, DA lấy 6 điểm phân biệt và không có điểm nào trùng với 4 đỉnh A, B, C, D . Hỏi từ 28 điểm đã cho lập được bao nhiêu tam giác","Có 28 điểm tất cả. Số tam giác có thể lập được từ 28 điểm là C(28,3) = 28*27*26 / 6 = 3276. Vì có 4 cạnh, mỗi cạnh có 6 điểm, nên số tam giác có 3 đỉnh nằm trên cùng một cạnh là 4 * C(6,3) = 4 * 20 = 80. Vậy số tam giác cần tìm là 3276 - 80 = 3196.",2,CAL,"Incorrectly calculated C(28,3). It should be 3276, but the calculation is correct.",true,"The calculation is correct, but the logic is flawed."
"Cho tứ giác ABCD . Trên mỗi cạnh AB, BC, CD, DA lấy 6 điểm phân biệt và không có điểm nào trùng với 4 đỉnh A, B, C, D . Hỏi từ 28 điểm đã cho lập được bao nhiêu tam giác","Số điểm trên mỗi cạnh là 6. Tổng số điểm là 28. Số tam giác có thể lập được từ 28 điểm là C(28,3) = 3276. Số tam giác có 3 điểm cùng nằm trên một cạnh là 4 * C(6,3) = 80. Vậy số tam giác cần tìm là 3276 - 80 = 3196. Ta có thể chọn 3 điểm bất kỳ từ 28 điểm, trừ đi các trường hợp 3 điểm thẳng hàng.",3,MS,"The reasoning is incomplete. While stating the need to subtract collinear points, it doesn't fully address the complexity of identifying all such cases.",true,Missing a complete and accurate method for subtracting collinear points.
"Cho tứ giác ABCD . Trên mỗi cạnh AB, BC, CD, DA lấy 6 điểm phân biệt và không có điểm nào trùng với 4 đỉnh A, B, C, D . Hỏi từ 28 điểm đã cho lập được bao nhiêu tam giác","Có 28 điểm. Số tam giác có thể lập được là C(28,3) = 3276. Số tam giác có 3 điểm cùng nằm trên một cạnh là 4 * C(6,3) = 80. Vậy số tam giác cần tìm là 3276 + 80 = 3356.",3,OP,Incorrectly adding 80 instead of subtracting it. The collinear points should be excluded.,true,Simple operator error leading to an incorrect result.
"Gọi S là tập hợp các số tự nhiên có ba chữ số đôi một khác nhau được lập thành từ các chữ số 1, 2, 3, 4, 5, 6. Chọn ngẫu nhiên một số từ S, tính xác suất để số được chọn là một số chia hết cho 5.",Tổng số các số có 3 chữ số khác nhau là 6*6*6 = 216. Số chia hết cho 5 có tận cùng là 5 hoặc 0. Vậy có 6*6*2 = 72 số. Xác suất là 72/216 = 1/3.,1,KNOW,"Incorrectly calculates the total number of 3-digit numbers with distinct digits. It uses 6*6*6, assuming repetition is allowed.",true,The fundamental understanding of permutations with distinct elements is flawed.
"Gọi S là tập hợp các số tự nhiên có ba chữ số đôi một khác nhau được lập thành từ các chữ số 1, 2, 3, 4, 5, 6. Chọn ngẫu nhiên một số từ S, tính xác suất để số được chọn là một số chia hết cho 5.",Số các số có 3 chữ số khác nhau là 6*5*4 = 120. Số chia hết cho 5 có tận cùng là 5. Vậy có 5*4*1 = 20 số. Xác suất là 20/120 = 1/3.,3,OP,Incorrectly simplifies the fraction 20/120 to 1/3 instead of 1/6.,true,A simple arithmetic error in the final calculation.
"Gọi S là tập hợp các số tự nhiên có ba chữ số đôi một khác nhau được lập thành từ các chữ số 1, 2, 3, 4, 5, 6. Chọn ngẫu nhiên một số từ S, tính xác suất để số được chọn là một số chia hết cho 5.","Có 6 chữ số để chọn cho hàng trăm, 5 cho hàng chục và 4 cho hàng đơn vị. Vậy có 6+5+4 = 15 số. Số chia hết cho 5 có tận cùng là 5, nên có 15/5 = 3 số. Xác suất là 3/15 = 1/5.",1,MIS,"Misinterprets the problem as finding the number of digits to choose from, instead of the number of possible 3-digit numbers.",true,The student completely misunderstands the problem's requirement.
"Gọi S là tập hợp các số tự nhiên có ba chữ số đôi một khác nhau được lập thành từ các chữ số 1, 2, 3, 4, 5, 6. Chọn ngẫu nhiên một số từ S, tính xác suất để số được chọn là một số chia hết cho 5.",Số các số có 3 chữ số khác nhau là 6*5*4 = 120. Số chia hết cho 5 có tận cùng là 0 hoặc 5. Vậy có 2*5*4 = 40 số. Xác suất là 40/120 = 1/3.,2,CV,"Incorrectly includes 0 as a possible digit, which is not in the given set {1, 2, 3, 4, 5, 6}.",true,The student introduces a digit not present in the original set.
Cho parabol (P) : $y^2 = 4x$ và hai điểm A(0; –4); B(–6; 4). C là điểm trên (P) sao cho tam giác ABC có diện tích bé nhất. Tìm tọa độ điểm C.,"Gọi C(x0; y0) với y0^2 = 4x0. Diện tích tam giác ABC là S = 1/2 * |(xA(yB - yC) + xB(yC - yA) + xC(yA - yB))|. Thay số, S = 1/2 * |(0*(4-y0) + (-6)*(y0 - (-4)) + x0*(-4-4))| = 1/2 * |-6y0 + 24 - 8x0|. Để S min thì |-6y0 + 24 - 8x0| min.  Ta có y0^2 = 4x0 => x0 = y0^2/4. Thay vào S, S = 1/2 * |-6y0 + 24 - 2y0^2|.  Để S min thì -2y0^2 - 6y0 + 24 = 0 => y0^2 + 3y0 - 12 = 0. Giải phương trình bậc hai, y0 = (-3 ± √(9 + 48))/2 = (-3 ± √57)/2. Chọn y0 = (-3 + √57)/2.  x0 = ((-3 + √57)/2)^2 / 4. Vậy C(((-3 + √57)/2)^2 / 4, (-3 + √57)/2).",6,REAS,Incorrectly assumes that minimizing the absolute value is equivalent to setting the expression inside the absolute value to zero.  The minimum could occur when the expression is positive or negative.,true,The student incorrectly equates minimizing the absolute value with finding the roots of the expression inside the absolute value.
Cho parabol (P) : $y^2 = 4x$ và hai điểm A(0; –4); B(–6; 4). C là điểm trên (P) sao cho tam giác ABC có diện tích bé nhất. Tìm tọa độ điểm C.,"Gọi C(x0; y0) với y0^2 = 4x0. Diện tích tam giác ABC là S = 1/2 * |(xA(yB - yC) + xB(yC - yA) + xC(yA - yB))|. Thay số, S = 1/2 * |(0*(4-y0) + (-6)*(y0 - (-4)) + x0*(-4-4))| = 1/2 * |-6y0 + 24 - 8x0|. Để S min thì -6y0 + 24 - 8x0 = 0.  Ta có y0^2 = 4x0 => x0 = y0^2/4. Thay vào, -6y0 + 24 - 2y0^2 = 0 => y0^2 + 3y0 - 12 = 0. Giải phương trình bậc hai, y0 = (-3 ± √(9 + 48))/2 = (-3 ± √57)/2. Chọn y0 = (-3 + √57)/2.  x0 = ((-3 + √57)/2)^2 / 4. Vậy C(((-3 + √57)/2)^2 / 4, (-3 + √57)/2).",5,REAS,Incorrectly assumes that the minimum area occurs when the expression inside the absolute value is equal to zero. It could be negative as well.,true,"Similar to the previous error, the student fails to consider the absolute value."
Cho parabol (P) : $y^2 = 4x$ và hai điểm A(0; –4); B(–6; 4). C là điểm trên (P) sao cho tam giác ABC có diện tích bé nhất. Tìm tọa độ điểm C.,"Gọi C(x0; y0) với y0^2 = 4x0. Diện tích tam giác ABC là S = 1/2 * |(xA(yB - yC) + xB(yC - yA) + xC(yA - yB))|. Thay số, S = 1/2 * |(0*(4-y0) + (-6)*(y0 - (-4)) + x0*(-4-4))| = 1/2 * |-6y0 + 24 - 8x0|. Để S min thì -6y0 + 24 - 8x0 = 0.  Ta có y0^2 = 4x0 => x0 = y0/4. Thay vào, -6y0 + 24 - 2y0 = 0 => -8y0 = -24 => y0 = 3.  x0 = 3/4. Vậy C(3/4, 3).",6,CAL,"Incorrectly calculated x0 from y0^2 = 4x0. It should be x0 = y0^2/4, but the student wrote x0 = y0/4.",true,A simple arithmetic error in solving for x0.
"Trong mặt phẳng Oxyz, phương trình nào sau đây là phương trình đường tròn?
A. $x^2 + 2y^2 - 4x - 8y + 1 = 0$.
B. $x^2 + y^2 + 4x - 6y - 12 = 0$.
C. $x^2 + y^2 + 2x + 3y + 5 = 0$.
D. $x^2 - y^2 + 3x + 2y + 5 = 0$.","Phương trình đường tròn có dạng x^2 + y^2 + 2ax + 2by + c = 0. Xét đáp án C: x^2 + y^2 + 2x + 3y + 5 = 0. Ta có a = 1, b = 1.5, c = 5. Điều kiện để là đường tròn là a^2 + b^2 - c > 0. 1^2 + 1.5^2 - 5 = 1 + 2.25 - 5 = -1.75 < 0. Vậy đây không phải là phương trình đường tròn.",3,OP,Incorrectly identifies 'b' as 1.5 instead of 1.5. This leads to an incorrect calculation of a^2 + b^2 - c.,true,Simple arithmetic error in identifying the coefficient 'b'.
"Trong mặt phẳng Oxyz, phương trình nào sau đây là phương trình đường tròn?
A. $x^2 + 2y^2 - 4x - 8y + 1 = 0$.
B. $x^2 + y^2 + 4x - 6y - 12 = 0$.
C. $x^2 + y^2 + 2x + 3y + 5 = 0$.
D. $x^2 - y^2 + 3x + 2y + 5 = 0$.",Phương trình đường tròn có dạng x^2 + y^2 + 2ax + 2by + c = 0. Xét đáp án A: x^2 + 2y^2 - 4x - 8y + 1 = 0. Ta hoàn thành bình phương: (x-2)^2 + 2(y-2)^2 = -1. Vì có 2(y-2)^2 nên không phải là phương trình đường tròn.,3,MS,"The completing the square is incorrect. It should be (x-2)^2 + 2(y-2)^2 = 4 + 8 - 1 = 11, not -1.",true,Missing a step in completing the square and making an incorrect calculation.
"Trong mặt phẳng Oxyz, phương trình nào sau đây là phương trình đường tròn?
A. $x^2 + 2y^2 - 4x - 8y + 1 = 0$.
B. $x^2 + y^2 + 4x - 6y - 12 = 0$.
C. $x^2 + y^2 + 2x + 3y + 5 = 0$.
D. $x^2 - y^2 + 3x + 2y + 5 = 0$.","Phương trình đường tròn có dạng x^2 + y^2 + 2ax + 2by + c = 0. Xét đáp án B: x^2 + y^2 + 4x - 6y - 12 = 0. Ta có tâm I(2, -3) và bán kính R = sqrt(2^2 + (-3)^2 + 12) = sqrt(25) = 5.",3,FC,"Incorrect formula for the radius. The correct formula is R = sqrt(a^2 + b^2 - c), but the student adds 'c' instead of subtracting it.",true,Formula confusion in calculating the radius.
"Trong mặt phẳng Oxyz, phương trình nào sau đây là phương trình đường tròn?
A. $x^2 + 2y^2 - 4x - 8y + 1 = 0$.
B. $x^2 + y^2 + 4x - 6y - 12 = 0$.
C. $x^2 + y^2 + 2x + 3y + 5 = 0$.
D. $x^2 - y^2 + 3x + 2y + 5 = 0$.","Phương trình đường tròn có dạng x^2 + y^2 + 2ax + 2by + c = 0. Xét đáp án C: x^2 + y^2 + 2x + 3y + 5 = 0. Tâm I(-1, -1.5). Bán kính R = sqrt((-1)^2 + (-1.5)^2 - 5) = sqrt(1 + 2.25 - 5) = sqrt(-1.75). Vì R < 0 nên không phải là phương trình đường tròn.",4,REAS,"Correctly identifies that the radius is imaginary, but incorrectly concludes that this means it's not a circle. An imaginary radius means the equation doesn't represent a real circle, but the reasoning is flawed.",true,Incorrect interpretation of the imaginary radius.
"Trong mặt phẳng Oxyz, phương trình nào sau đây là phương trình đường tròn?
A. $x^2 + 2y^2 - 4x - 8y + 1 = 0$.
B. $x^2 + y^2 + 4x - 6y - 12 = 0$.
C. $x^2 + y^2 + 2x + 3y + 5 = 0$.
D. $x^2 - y^2 + 3x + 2y + 5 = 0$.","Phương trình đường tròn có dạng x^2 + y^2 + 2ax + 2by + c = 0. Xét đáp án A: x^2 + 2y^2 - 4x - 8y + 1 = 0. Ta có a = -2, b = -4, c = 1. Thay x = 0, y = 0 vào phương trình, ta được 1 = 0, vô lý. Vậy đây không phải là phương trình đường tròn.",3,MIS,"Incorrectly tests the equation by substituting (0,0). This doesn't determine if it's a circle; it only checks if the origin lies on the curve.",true,Misinterprets how to verify if an equation represents a circle.
"Trong mặt phẳng Oxyz, phương trình nào sau đây là phương trình đường tròn?
A. $x^2 + 2y^2 - 4x - 8y + 1 = 0$.
B. $x^2 + y^2 + 4x - 6y - 12 = 0$.
C. $x^2 + y^2 + 2x + 3y + 5 = 0$.
D. $x^2 - y^2 + 3x + 2y + 5 = 0$.","Phương trình đường tròn có dạng x^2 + y^2 + 2ax + 2by + c = 0. Xét đáp án B: x^2 + y^2 + 4x - 6y - 12 = 0. Ta có a = 2, b = -3, c = -12. Bán kính R = a^2 + b^2 - c = 4 + 9 + 12 = 25.",3,FC,"Incorrectly calculates the radius. It should be R = sqrt(a^2 + b^2 - c), but the student omits the square root.",true,Formula confusion in calculating the radius.
"Xét phép thử ""Rút một lá bài từ bộ bài Tây 52 lá"". Biến cố nào dưới đây là biến cố không thể?
A. ""Rút được lá bài Joker"".
B. ""Rút được quân Át cơ"".
C. ""Rút được lá bài màu đỏ"".
D. ""Rút được quân J"".","Bộ bài Tây có 54 lá, gồm 52 lá bài và 2 lá Joker. Biến cố không thể là biến cố chắc chắn không xảy ra. A. Rút được lá bài Joker, có 2 lá Joker nên có thể xảy ra. B. Rút được quân Át cơ, có 1 quân Át cơ nên có thể xảy ra. C. Rút được lá bài màu đỏ, có 26 lá bài màu đỏ nên có thể xảy ra. D. Rút được quân J, có 4 quân J nên có thể xảy ra. Vậy không có biến cố nào không thể.",1,KNOW,Incorrectly states a standard deck has 54 cards instead of 52.,true,The initial error about the number of cards in the deck invalidates the entire solution.
"Xét phép thử ""Rút một lá bài từ bộ bài Tây 52 lá"". Biến cố nào dưới đây là biến cố không thể?
A. ""Rút được lá bài Joker"".
B. ""Rút được quân Át cơ"".
C. ""Rút được lá bài màu đỏ"".
D. ""Rút được quân J"".","Biến cố không thể là biến cố có xác suất bằng 0. A. Rút được lá bài Joker, xác suất là 2/52. B. Rút được quân Át cơ, xác suất là 1/52. C. Rút được lá bài màu đỏ, xác suất là 26/52. D. Rút được quân J, xác suất là 4/52. Vì tất cả đều có xác suất khác 0 nên không có biến cố nào không thể.",2,KNOW,"Misunderstanding of what constitutes an impossible event. While probabilities are calculated, the core concept is missed.",true,The student understands probability calculation but doesn't grasp the definition of an impossible event.
"Xét phép thử ""Rút một lá bài từ bộ bài Tây 52 lá"". Biến cố nào dưới đây là biến cố không thể?
A. ""Rút được lá bài Joker"".
B. ""Rút được quân Át cơ"".
C. ""Rút được lá bài màu đỏ"".
D. ""Rút được quân J"".","A. Rút được lá bài Joker. Vì có 52 lá bài nên xác suất là 1/52. B. Rút được quân Át cơ, có thể xảy ra. C. Rút được lá bài màu đỏ, có thể xảy ra. D. Rút được quân J, có thể xảy ra. Vậy đáp án là A.",1,CAL,Incorrectly calculates the probability of drawing a Joker (assuming it exists) as 1/52 instead of 0.,true,The calculation error stems from assuming a Joker exists in the deck.
"Xét phép thử ""Rút một lá bài từ bộ bài Tây 52 lá"". Biến cố nào dưới đây là biến cố không thể?
A. ""Rút được lá bài Joker"".
B. ""Rút được quân Át cơ"".
C. ""Rút được lá bài màu đỏ"".
D. ""Rút được quân J"".","A. Rút được lá bài Joker. Vì Joker là lá bài đặc biệt nên không thể rút được. B. Rút được quân Át cơ, có thể xảy ra. C. Rút được lá bài màu đỏ, có thể xảy ra. D. Rút được quân J, có thể xảy ra. Vậy đáp án là A.",1,REAS,Incorrect reasoning: stating that because a Joker is 'special' it cannot be drawn. This is a non-sequitur.,true,The reasoning is flawed and doesn't logically connect the 'special' nature of a Joker to its impossibility of being drawn.
"Xét phép thử ""Rút một lá bài từ bộ bài Tây 52 lá"". Biến cố nào dưới đây là biến cố không thể?
A. ""Rút được lá bài Joker"".
B. ""Rút được quân Át cơ"".
C. ""Rút được lá bài màu đỏ"".
D. ""Rút được quân J"".","A. Rút được lá bài Joker. Vì có 2 lá Joker và 52 lá bài khác nên xác suất là 2/54. B. Rút được quân Át cơ, có thể xảy ra. C. Rút được lá bài màu đỏ, có thể xảy ra. D. Rút được quân J, có thể xảy ra. Vậy đáp án là A.",1,CAL,Incorrectly calculates the probability using a total of 54 cards and assuming Jokers are present.,true,The calculation error is based on an incorrect assumption about the deck composition.
"Trong mặt phẳng với hệ trục tọa độ Oxy, phương trình nào dưới đây là phương trình chính tắc của Hypebol (H)?
A. $\frac{x^2}{9} + \frac{y^2}{16} = 1$.
B. $\frac{x^2}{9} - \frac{y^2}{4} = 1$.
C. $\frac{x^2}{5} + \frac{y^2}{1} = 1$.
D. $\frac{x^2}{7} - \frac{y^2}{3} = 0$.",Phương trình chính tắc của Hypebol có dạng $\frac{x^2}{a^2} - \frac{y^2}{b^2} = 1$. Đáp án A có dấu cộng nên loại. Đáp án B có dạng đúng. Đáp án C có dấu cộng nên loại. Đáp án D có dạng $\frac{x^2}{7} - \frac{y^2}{3} = 1$ nên loại. Vậy đáp án B.,4,CAL,Incorrectly modifies option D from $\frac{x^2}{7} - \frac{y^2}{3} = 0$ to $\frac{x^2}{7} - \frac{y^2}{3} = 1$.,true,The student introduces an arithmetic error when rewriting option D.
"Trong mặt phẳng với hệ trục tọa độ Oxy, phương trình nào dưới đây là phương trình chính tắc của Hypebol (H)?
A. $\frac{x^2}{9} + \frac{y^2}{16} = 1$.
B. $\frac{x^2}{9} - \frac{y^2}{4} = 1$.
C. $\frac{x^2}{5} + \frac{y^2}{1} = 1$.
D. $\frac{x^2}{7} - \frac{y^2}{3} = 0$.",Hypebol có dạng $\frac{x^2}{a^2} - \frac{y^2}{b^2} = 1$. A có dấu cộng nên loại. B đúng. C có dấu cộng nên loại. D có dạng $\frac{x^2}{7} - \frac{y^2}{3} = 1$. Vậy đáp án B.,4,CAL,Incorrectly changes the equation in option D from 0 to 1.,true,The student makes a calculation error when looking at option D.
"Trong mặt phẳng với hệ trục tọa độ Oxy, phương trình nào dưới đây là phương trình chính tắc của Hypebol (H)?
A. $\frac{x^2}{9} + \frac{y^2}{16} = 1$.
B. $\frac{x^2}{9} - \frac{y^2}{4} = 1$.
C. $\frac{x^2}{5} + \frac{y^2}{1} = 1$.
D. $\frac{x^2}{7} - \frac{y^2}{3} = 0$.","Phương trình chính tắc của Hypebol là $\frac{x^2}{a^2} - \frac{y^2}{b^2} = 1$. A, B, C, D đều có dạng này. Chọn A.",2,REAS,Incorrectly states that all options have the correct form. Options A and C have addition instead of subtraction.,true,The student fails to recognize the difference between hyperbola and ellipse equations.
"Trong mặt phẳng với hệ trục tọa độ Oxy, phương trình nào dưới đây là phương trình chính tắc của Hypebol (H)?
A. $\frac{x^2}{9} + \frac{y^2}{16} = 1$.
B. $\frac{x^2}{9} - \frac{y^2}{4} = 1$.
C. $\frac{x^2}{5} + \frac{y^2}{1} = 1$.
D. $\frac{x^2}{7} - \frac{y^2}{3} = 0$.",Hypebol có dạng $\frac{x^2}{a^2} - \frac{y^2}{b^2} = 1$. A có dấu cộng nên loại. B đúng. C có dấu cộng nên loại. D là một đường thẳng. Vậy đáp án B.,4,REAS,Incorrectly identifies option D as a straight line.,true,The student misinterprets the equation in option D.
"Trong mặt phẳng với hệ trục tọa độ Oxy, phương trình nào dưới đây là phương trình chính tắc của Hypebol (H)?
A. $\frac{x^2}{9} + \frac{y^2}{16} = 1$.
B. $\frac{x^2}{9} - \frac{y^2}{4} = 1$.
C. $\frac{x^2}{5} + \frac{y^2}{1} = 1$.
D. $\frac{x^2}{7} - \frac{y^2}{3} = 0$.",Hypebol có dạng $\frac{x^2}{a^2} - \frac{y^2}{b^2} = 1$. A có dạng $\frac{x^2}{9} + \frac{y^2}{16} = 1$. B có dạng $\frac{x^2}{9} - \frac{y^2}{4} = 1$. C có dạng $\frac{x^2}{5} + \frac{y^2}{1} = 1$. D có dạng $\frac{x^2}{7} - \frac{y^2}{3} = 0$. Vậy đáp án A.,5,MS,The student lists the equations but doesn't provide any reasoning for choosing A.,true,The student fails to provide a justification for their answer.
"Một lớp học có 17 nam và 12 nữ. Số cách chọn 1 nam và 1 nữ để tham gia thi đôi là:
A. 204.
B. $C_{17}^1C_{12}^1$.
C. $C_{29}^2$.
D. $A_{29}^2$.",Số cách chọn 1 nam là 17. Số cách chọn 1 nữ là 12. Vậy số cách chọn 1 nam và 1 nữ là 17 + 12 = 29.,2,REAS,"Incorrectly added the number of ways to choose a boy and a girl instead of multiplying them. The problem requires selecting one from each group, so the fundamental counting principle (multiplication rule) should be applied.",true,Simple misunderstanding of the counting principle.
"Một lớp học có 17 nam và 12 nữ. Số cách chọn 1 nam và 1 nữ để tham gia thi đôi là:
A. 204.
B. $C_{17}^1C_{12}^1$.
C. $C_{29}^2$.
D. $A_{29}^2$.","Tổng số học sinh là 17 + 12 = 29. Số cách chọn 2 học sinh từ 29 học sinh là C(29,2) = 29*28/2 = 406. Vậy đáp án là 406.",1,MIS,The question asks for selecting one boy *and* one girl. The student incorrectly calculates the number of ways to choose any two students from the class.,true,Misinterpreted the question's requirement.
"Một lớp học có 17 nam và 12 nữ. Số cách chọn 1 nam và 1 nữ để tham gia thi đôi là:
A. 204.
B. $C_{17}^1C_{12}^1$.
C. $C_{29}^2$.
D. $A_{29}^2$.","Số cách chọn 1 nam từ 17 nam là A(17,1) = 17. Số cách chọn 1 nữ từ 12 nữ là A(12,1) = 12. Vậy số cách chọn là 17 * 12 = 204.",1,FC,Using permutation (A) instead of combination (C) when the order of selection doesn't matter. Choosing a boy and a girl doesn't have an order.,true,Confused permutation and combination.
"Một lớp học có 17 nam và 12 nữ. Số cách chọn 1 nam và 1 nữ để tham gia thi đôi là:
A. 204.
B. $C_{17}^1C_{12}^1$.
C. $C_{29}^2$.
D. $A_{29}^2$.","Số nam là 17, số nữ là 12. Vậy tổng số học sinh là 17 + 12 = 29. Số cách chọn 2 học sinh bất kỳ là 29 * 28 = 812.",2,MIS,The question asks for selecting one boy *and* one girl. The student incorrectly calculates the number of ways to choose any two students from the class and also doesn't divide by 2 for combination.,true,Misinterpreted the question's requirement.
"Một lớp học có 17 nam và 12 nữ. Số cách chọn 1 nam và 1 nữ để tham gia thi đôi là:
A. 204.
B. $C_{17}^1C_{12}^1$.
C. $C_{29}^2$.
D. $A_{29}^2$.","Số cách chọn 1 nam là 17. Số cách chọn 1 nữ là 12. Vậy số cách chọn là 17 * 12 = 204. Nhưng vì có 17 nam và 12 nữ, nên số cách chọn là 17 + 12 = 29.",3,REAS,"The student correctly calculates 17*12 = 204, but then incorrectly adds 17+12 = 29, demonstrating a fundamental misunderstanding of the counting principle and a failure to recognize the initial correct calculation.",true,Initial correct calculation followed by a flawed reasoning step.
"Tung 3 đồng xu một lúc. Xác suất để xuất hiện đúng 2 mặt ngửa là:
A. $\frac{1}{8}$.
B. $\frac{3}{8}$.
C. $\frac{1}{2}$.
D. $\frac{1}{4}$.","Không gian mẫu có 2^3 = 8 phần tử. Các trường hợp có đúng 2 mặt ngửa là: NNN, NNN, NNN, NNN. Vậy xác suất là 4/8 = 1/2.",2,CO,Incorrectly counted the number of outcomes with exactly two heads. Only listed NNN repeatedly instead of identifying the combinations.,true,The student misidentified the possible outcomes with exactly two heads.
"Tung 3 đồng xu một lúc. Xác suất để xuất hiện đúng 2 mặt ngửa là:
A. $\frac{1}{8}$.
B. $\frac{3}{8}$.
C. $\frac{1}{2}$.
D. $\frac{1}{4}$.","Tổng số kết quả có thể xảy ra là 3. Các kết quả có đúng 2 mặt ngửa là: HHN, HNH, NHH. Vậy xác suất là 3/3 = 1.",1,CAL,"Incorrectly calculated the total number of possible outcomes. It should be 2^3 = 8, not 3.",true,The student made a fundamental error in determining the sample space size.
"Tung 3 đồng xu một lúc. Xác suất để xuất hiện đúng 2 mặt ngửa là:
A. $\frac{1}{8}$.
B. $\frac{3}{8}$.
C. $\frac{1}{2}$.
D. $\frac{1}{4}$.",Xác suất để xuất hiện mặt ngửa là 1/2. Vậy xác suất để xuất hiện đúng 2 mặt ngửa là (1/2) * (1/2) = 1/4.,2,REAS,Incorrectly reasoned about the probability of exactly two heads. Simply multiplying the probability of a single head doesn't account for the combinations.,true,The student applied a probability calculation that is not appropriate for this combinatorial problem.
"Tung 3 đồng xu một lúc. Xác suất để xuất hiện đúng 2 mặt ngửa là:
A. $\frac{1}{8}$.
B. $\frac{3}{8}$.
C. $\frac{1}{2}$.
D. $\frac{1}{4}$.","Có 3 đồng xu, mỗi đồng xu có 2 mặt. Vậy xác suất để có đúng 2 mặt ngửa là 2/3.",1,KNOW,Demonstrates a misunderstanding of probability in this context. The number of coins and faces doesn't directly translate to the probability of a specific outcome.,true,The student's reasoning is based on a flawed understanding of probability.
"Tung 3 đồng xu một lúc. Xác suất để xuất hiện đúng 2 mặt ngửa là:
A. $\frac{1}{8}$.
B. $\frac{3}{8}$.
C. $\frac{1}{2}$.
D. $\frac{1}{4}$.",Tổng số kết quả là 2^3 = 6. Số kết quả có đúng 2 mặt ngửa là 3. Vậy xác suất là 3/6 = 1/2.,1,CAL,"Incorrectly calculated 2^3. It should be 8, not 6.",true,A simple arithmetic error in calculating the sample space size.
"Tung 3 đồng xu một lúc. Xác suất để xuất hiện đúng 2 mặt ngửa là:
A. $\frac{1}{8}$.
B. $\frac{3}{8}$.
C. $\frac{1}{2}$.
D. $\frac{1}{4}$.","Nếu tung 3 đồng xu, thì chắc chắn sẽ có 2 mặt ngửa hoặc 2 mặt sấp. Vậy xác suất là 1/2.",1,REAS,"Incorrect reasoning. The statement that there will always be 2 heads or 2 tails is false, and doesn't lead to the correct probability.",true,The student's reasoning is based on a false premise.
"Tung 3 đồng xu một lúc. Xác suất để xuất hiện đúng 2 mặt ngửa là:
A. $\frac{1}{8}$.
B. $\frac{3}{8}$.
C. $\frac{1}{2}$.
D. $\frac{1}{4}$.",Tổng số kết quả có thể là 2*2*2 = 8. Số kết quả có đúng 2 mặt ngửa là 1. Vậy xác suất là 1/8.,2,CO,"Incorrectly counted the number of outcomes with exactly two heads. There are 3 such outcomes (HHT, HTH, THH), not 1.",true,The student miscounted the number of favorable outcomes.
"Trong hộp có 8 bút xanh và 7 bút đỏ. Chọn ngẫu nhiên 3 chiếc bút. Số cách chọn được 2 chiếc bút xanh và 1 chiếc bút đỏ là:
A. 168.
B. 196.
C. 336.
D. 84.","Số cách chọn 2 bút xanh từ 8 bút là: C(8,2) = 8!/(2!6!) = 28. Số cách chọn 1 bút đỏ từ 7 bút là: C(7,1) = 7!/(1!6!) = 7. Vậy số cách chọn 2 bút xanh và 1 bút đỏ là: 28 + 7 = 35.",3,CAL,Incorrectly added the combinations instead of multiplying them. The correct operation is multiplication to find the total number of ways to choose both green and red pens.,true,The student correctly calculated the individual combinations but failed to apply the multiplication principle.
"Trong hộp có 8 bút xanh và 7 bút đỏ. Chọn ngẫu nhiên 3 chiếc bút. Số cách chọn được 2 chiếc bút xanh và 1 chiếc bút đỏ là:
A. 168.
B. 196.
C. 336.
D. 84.","Số cách chọn 2 bút xanh từ 8 bút là: C(8,2) = 8*7 = 56. Số cách chọn 1 bút đỏ từ 7 bút là: C(7,1) = 7. Vậy số cách chọn 2 bút xanh và 1 bút đỏ là: 56 * 7 = 392.",1,CAL,"Incorrectly calculated C(8,2). It should be 8*7/2 = 28, not 8*7 = 56.",true,"The error in calculating C(8,2) propagates through the rest of the solution."
"Trong hộp có 8 bút xanh và 7 bút đỏ. Chọn ngẫu nhiên 3 chiếc bút. Số cách chọn được 2 chiếc bút xanh và 1 chiếc bút đỏ là:
A. 168.
B. 196.
C. 336.
D. 84.","Tổng số bút là 8 + 7 = 15. Số cách chọn 3 bút bất kỳ là: C(15,3) = 15!/(3!12!) = 455. Vậy số cách chọn được 2 chiếc bút xanh và 1 chiếc bút đỏ là 455.",1,MIS,Calculated the total number of ways to choose any 3 pens instead of specifically 2 green and 1 red.,true,The student misinterpreted the question and calculated a different combination.
"Trong hộp có 8 bút xanh và 7 bút đỏ. Chọn ngẫu nhiên 3 chiếc bút. Số cách chọn được 2 chiếc bút xanh và 1 chiếc bút đỏ là:
A. 168.
B. 196.
C. 336.
D. 84.","Số cách chọn 2 bút xanh từ 8 bút là: C(8,2) = 28. Số cách chọn 1 bút đỏ từ 7 bút là: C(7,1) = 7. Vậy số cách chọn 2 bút xanh và 1 bút đỏ là: 28 - 7 = 21.",3,OP,Used subtraction instead of multiplication to combine the two combinations.,true,The student incorrectly applied the subtraction operator.
"Gieo một đồng xu hai lần, không gian mẫu là:
A. {S, N}.
B. {SS, NN}.
C. {SS, SN, NS, NN}.
D. {S, N, SN}.","Gieo một đồng xu hai lần, kết quả có thể là mặt sấp (S) hoặc mặt ngửa (N). Vậy không gian mẫu là {S, N}.",2,KNOW,Incorrectly identifies the sample space.  Fails to account for the two coin flips and all possible outcomes.,true,The student only considered the possible outcomes of a single coin flip.
"Gieo một đồng xu hai lần, không gian mẫu là:
A. {S, N}.
B. {SS, NN}.
C. {SS, SN, NS, NN}.
D. {S, N, SN}.","Gieo một đồng xu hai lần. Lần 1 có 2 kết quả, lần 2 có 2 kết quả. Vậy số phần tử của không gian mẫu là 2 + 2 = 4. Không gian mẫu là {S, N, SS, NN}.",3,REAS,"Incorrectly combines the number of outcomes. While there are 4 possible outcomes, the listed sample space is not correct.",true,The student correctly calculates the total number of outcomes but incorrectly lists them.
"Gieo một đồng xu hai lần, không gian mẫu là:
A. {S, N}.
B. {SS, NN}.
C. {SS, SN, NS, NN}.
D. {S, N, SN}.","Gieo một đồng xu hai lần. Có 2 mặt: Sấp và Ngửa. Vậy không gian mẫu là {S, N}. Đáp án A.",2,KNOW,Incorrectly identifies the sample space.  Fails to account for the two coin flips and all possible outcomes.,true,"Similar to the first error, the student only considers a single coin flip."
"Gieo một đồng xu hai lần, không gian mẫu là:
A. {S, N}.
B. {SS, NN}.
C. {SS, SN, NS, NN}.
D. {S, N, SN}.","Gieo một đồng xu hai lần. Có 4 kết quả có thể xảy ra: Sấp, Ngửa, Sấp Sấp, Ngửa Ngửa. Vậy không gian mẫu là {S, N, SS, NN}. Đáp án B.",2,REAS,"Incorrectly interprets the outcomes. While the number of outcomes is correct, the representation is flawed.",true,The student understands there are 4 outcomes but doesn't correctly represent them.
"Gieo một đồng xu hai lần, không gian mẫu là:
A. {S, N}.
B. {SS, NN}.
C. {SS, SN, NS, NN}.
D. {S, N, SN}.","Gieo một đồng xu hai lần. Xác suất mặt sấp là 1/2. Vậy không gian mẫu là {S, N}. Đáp án A.",2,REAS,Introduces probability concepts unnecessarily and incorrectly applies them to define the sample space.,true,The student confuses sample space with probability.
"Gieo một đồng xu hai lần, không gian mẫu là:
A. {S, N}.
B. {SS, NN}.
C. {SS, SN, NS, NN}.
D. {S, N, SN}.","Gieo một đồng xu hai lần. Không gian mẫu là {SS, SN, NS, NN}. Số phần tử là 3. Đáp án C.",2,CAL,"Incorrectly counts the number of elements in the sample space (4, not 3).",true,A simple arithmetic error in counting.
"Gieo một đồng xu hai lần, không gian mẫu là:
A. {S, N}.
B. {SS, NN}.
C. {SS, SN, NS, NN}.
D. {S, N, SN}.","Gieo một đồng xu hai lần. Hình dung đồng xu có hai mặt, Sấp và Ngửa. Vậy không gian mẫu là {S, N}. Đáp án A.",2,REAS,Misinterprets the problem. The student visualizes only one coin flip instead of two.,true,The student's visualization leads to an incorrect sample space.
"Cho đường tròn (C) : $(x+2)^2 + (y-5)^2 = 36$. Tâm và bán kính của đường tròn là:
A. I(–2; 5), R = 6.
B. I(2; –5), R = 6.
C. I(–2; 5), R = 36.
D. I(2; 5), R = 36.","Phương trình đường tròn có dạng (x-a)^2 + (y-b)^2 = R^2. So sánh với (x+2)^2 + (y-5)^2 = 36, ta có a = 2, b = -5, R^2 = 36 => R = 6. Vậy tâm I(2; -5), bán kính R = 6.",2,OP,"Incorrectly identified 'a' and 'b' from the equation. Should be a = -2, b = 5.",true,Simple sign error in identifying the center coordinates.
"Cho đường tròn (C) : $(x+2)^2 + (y-5)^2 = 36$. Tâm và bán kính của đường tròn là:
A. I(–2; 5), R = 6.
B. I(2; –5), R = 6.
C. I(–2; 5), R = 36.
D. I(2; 5), R = 36.","Phương trình đường tròn có dạng (x-a)^2 + (y-b)^2 = R^2. So sánh với (x+2)^2 + (y-5)^2 = 36, ta có a = -2, b = 5, R = 36. Vậy tâm I(-2; 5), bán kính R = 36. Chọn C.",3,KNOW,"Incorrectly identified the radius. R^2 = 36 implies R = 6, not R = 36.",true,Misunderstanding of the square root operation.
"Cho đường tròn (C) : $(x+2)^2 + (y-5)^2 = 36$. Tâm và bán kính của đường tròn là:
A. I(–2; 5), R = 6.
B. I(2; –5), R = 6.
C. I(–2; 5), R = 36.
D. I(2; 5), R = 36.",Đường tròn (C) có phương trình (x+2)^2 + (y-5)^2 = 36. Tâm của đường tròn là I(-2; 5). Bán kính của đường tròn là 36.,2,MS,The student correctly identifies the center but fails to calculate the radius correctly. The step of finding the radius from R^2 = 36 is missing.,true,Missing the crucial step of taking the square root to find the radius.
"Cho đường tròn (C) : $(x+2)^2 + (y-5)^2 = 36$. Tâm và bán kính của đường tròn là:
A. I(–2; 5), R = 6.
B. I(2; –5), R = 6.
C. I(–2; 5), R = 36.
D. I(2; 5), R = 36.","Đường tròn (C) có phương trình (x+2)^2 + (y-5)^2 = 36. Tâm I(-2; 5), bán kính R = 6. Đường tròn này có diện tích là πR^2 = π * 36^2.",3,MIS,"The question asks for the center and radius, not the area. Calculating the area is irrelevant.",true,Failed to understand the question's requirements.
"Cho đường tròn (C) : $(x+2)^2 + (y-5)^2 = 36$. Tâm và bán kính của đường tròn là:
A. I(–2; 5), R = 6.
B. I(2; –5), R = 6.
C. I(–2; 5), R = 36.
D. I(2; 5), R = 36.","Phương trình đường tròn (C) là (x+2)^2 + (y-5)^2 = 36. Tâm I(-2; 5), bán kính R = √36 = 5. Vậy tâm I(-2; 5), bán kính R = 5.",2,OP,"Incorrectly calculated the square root. √36 = 6, not 5.",true,Simple arithmetic error.
"Một tổ có 12 học sinh. Số cách chọn tổ trưởng và tổ phó (khác nhau) là:
A. $C_{12}^2$.
B. $A_{12}^2$.
C. $12^2$.
D. $A_{12}^{10}$.","Chọn tổ trưởng có 12 cách. Sau khi chọn tổ trưởng, chọn tổ phó cũng có 12 cách. Vậy số cách chọn là 12 * 12 = 144.",2,REAS,Incorrectly assumes the same person can be both the leader and the deputy.  Fails to account for the 'different' requirement.,true,The student didn't understand that the leader and deputy must be different people.
"Một tổ có 12 học sinh. Số cách chọn tổ trưởng và tổ phó (khác nhau) là:
A. $C_{12}^2$.
B. $A_{12}^2$.
C. $12^2$.
D. $A_{12}^{10}$.",Có 12 học sinh. Chọn tổ trưởng có 12 cách. Chọn tổ phó có 11 cách. Vậy số cách chọn là 12 * 11 = 132. Đáp án là A.,3,MIS,Chooses an answer option (A) that doesn't match the calculated result (132).  The correct answer should be B.,true,The student calculated correctly but selected the wrong answer option.
"Một tổ có 12 học sinh. Số cách chọn tổ trưởng và tổ phó (khác nhau) là:
A. $C_{12}^2$.
B. $A_{12}^2$.
C. $12^2$.
D. $A_{12}^{10}$.","Chọn tổ trưởng có 12 cách. Chọn tổ phó có 11 cách. Vậy số cách chọn là 12 * 11 = 132. Nhưng vì tổ trưởng và tổ phó không quan trọng thứ tự nên chia cho 2, kết quả là 66.",3,CS,"Contradictory step: The problem states the roles are *different* (leader and deputy), implying order matters. Dividing by 2 assumes order doesn't matter.",true,"The student incorrectly applied the division by 2, contradicting the problem statement."
"Gieo hai con xúc sắc cân đối, đồng chất. Xác suất để tổng số chấm là 7:
A. $\frac{1}{12}$.
B. $\frac{1}{6}$.
C. $\frac{5}{36}$.
D. $\frac{1}{9}$.","Các kết quả có thể xảy ra khi gieo hai con xúc sắc là: (1,1), (1,2), ..., (6,6). Tổng số kết quả là 6*6 = 36. Các kết quả cho tổng là 7 là: (1,6), (2,5), (3,4), (4,3), (5,2). Vậy có 4 kết quả. Xác suất là 4/36 = 1/9.",5,CAL,"Missed the result (6,1) which also sums to 7. The correct number of favorable outcomes is 6, not 5.",true,A simple counting mistake led to an incorrect probability.
"Gieo hai con xúc sắc cân đối, đồng chất. Xác suất để tổng số chấm là 7:
A. $\frac{1}{12}$.
B. $\frac{1}{6}$.
C. $\frac{5}{36}$.
D. $\frac{1}{9}$.",Tổng số chấm trên hai con xúc sắc có thể từ 2 đến 12. Số cách để tổng là 7 là 7. Tổng số kết quả là 11. Vậy xác suất là 7/11.,2,MIS,"Incorrectly determined the total number of possible outcomes and the number of ways to get a sum of 7. The total number of outcomes is 36, not 11, and the number of ways to get a sum of 7 is 6, not 7.",true,The student misinterpreted the question and calculated probabilities based on incorrect assumptions about the sample space.
"Gieo hai con xúc sắc cân đối, đồng chất. Xác suất để tổng số chấm là 7:
A. $\frac{1}{12}$.
B. $\frac{1}{6}$.
C. $\frac{5}{36}$.
D. $\frac{1}{9}$.","Có 6 mặt trên mỗi con xúc sắc. Để tổng là 7, ta cần chọn 7 chấm từ 12 chấm. Số cách chọn là C(12,7) = 792. Tổng số kết quả là 6*6 = 36. Xác suất là 792/36 = 22.",2,KNOW,"Incorrectly applied combinations to a probability problem. The problem requires counting specific outcomes, not combinations of all possible dots.",true,Demonstrates a misunderstanding of how to apply combinatorial principles to probability.
"Gieo hai con xúc sắc cân đối, đồng chất. Xác suất để tổng số chấm là 7:
A. $\frac{1}{12}$.
B. $\frac{1}{6}$.
C. $\frac{5}{36}$.
D. $\frac{1}{9}$.","Có 6 kết quả có thể xảy ra để tổng là 7: (1,6), (2,5), (3,4), (4,3), (5,2), (6,1). Tổng số kết quả là 6. Vậy xác suất là 6/6 = 1.",3,CAL,Incorrectly stated the total number of possible outcomes as 6 instead of 36.,true,A fundamental error in determining the sample space.
"Gieo hai con xúc sắc cân đối, đồng chất. Xác suất để tổng số chấm là 7:
A. $\frac{1}{12}$.
B. $\frac{1}{6}$.
C. $\frac{5}{36}$.
D. $\frac{1}{9}$.","Các kết quả có thể xảy ra là (1,1), (1,2),...,(6,6). Tổng số kết quả là 36. Các kết quả có tổng là 7 là (1,6), (2,5), (3,4), (4,3), (5,2). Vậy xác suất là 5/36.",5,CO,"Missed the result (6,1) which also sums to 7. The correct number of favorable outcomes is 6, not 5.",true,A simple counting mistake.
"Phương trình tiếp tuyến của đường tròn (C) : $x^2 + y^2 = 9$ tại điểm M(0; –3) là:
A. x + 3 = 0.
B. x + y – 3 = 0.
C. y – 3 = 0.
D. y + 3 = 0.","Đường tròn (C): x^2 + y^2 = 9, M(0; -3). Vì M nằm trên trục Oy nên tiếp tuyến là đường thẳng y = k. Thay M vào ta có -3 = k. Vậy phương trình tiếp tuyến là y = -3 hay y + 3 = 0.",2,REAS,"Incorrect reasoning about the tangent line. While M lies on the y-axis, this doesn't automatically mean the tangent is of the form y=k. It's a special case, but the reasoning is flawed.",true,The student made an incorrect generalization about tangents at points on the y-axis.
"Phương trình tiếp tuyến của đường tròn (C) : $x^2 + y^2 = 9$ tại điểm M(0; –3) là:
A. x + 3 = 0.
B. x + y – 3 = 0.
C. y – 3 = 0.
D. y + 3 = 0.",Phương trình đường tròn (C): x^2 + y^2 = 9. Điểm M(0; -3). Tiếp tuyến tại M có dạng y - (-3) = m(x - 0) => y + 3 = mx. Vì đường tròn có bán kính 3 nên m = 3. Vậy phương trình tiếp tuyến là y + 3 = 3x.,3,HA,"Hallucination: The student arbitrarily assigned the slope 'm' to be equal to the radius of the circle (3), which is not a valid step in finding the tangent line.",true,The student introduced a completely unrelated value (the radius) as the slope of the tangent.
"Phương trình tiếp tuyến của đường tròn (C) : $x^2 + y^2 = 9$ tại điểm M(0; –3) là:
A. x + 3 = 0.
B. x + y – 3 = 0.
C. y – 3 = 0.
D. y + 3 = 0.","Đường tròn (C): x^2 + y^2 = 9, M(0; -3). Phương trình tiếp tuyến có dạng ax + by + c = 0. Thay M vào: a*0 + b*(-3) + c = 0 => -3b + c = 0. Chọn a = 1, b = 1 => c = 3. Vậy phương trình tiếp tuyến là x + y + 3 = 0.",4,MS,Missing the condition for tangency. The student found a line passing through M but didn't ensure it's tangent to the circle.,true,The student found a line through M but didn't verify it's a tangent.
"Phương trình tiếp tuyến của đường tròn (C) : $x^2 + y^2 = 9$ tại điểm M(0; –3) là:
A. x + 3 = 0.
B. x + y – 3 = 0.
C. y – 3 = 0.
D. y + 3 = 0.","Đường tròn (C): x^2 + y^2 = 9, M(0; -3). Tiếp tuyến tại M có dạng x*0 + y*(-3) = 9 => -3y = 9 => y = -3. Vậy phương trình tiếp tuyến là y - 3 = 0.",3,OP,"Operator error: Incorrect sign in the final equation. Should be y + 3 = 0, but the student wrote y - 3 = 0.",true,A simple sign error in the final answer.
"Phương trình tiếp tuyến của đường tròn (C) : $x^2 + y^2 = 9$ tại điểm M(0; –3) là:
A. x + 3 = 0.
B. x + y – 3 = 0.
C. y – 3 = 0.
D. y + 3 = 0.","Phương trình đường tròn (C): x^2 + y^2 = 9. Điểm M(0; -3). Vì M nằm trên trục Oy, phương trình tiếp tuyến là x = 0.",2,MIS,"Misinterpretation of the question: The student incorrectly concluded that since M is on the y-axis, the tangent must be x=0, which is not necessarily true.",true,The student misinterpreted the location of M to determine the tangent line.
"Phương trình tiếp tuyến của đường tròn (C) : $x^2 + y^2 = 9$ tại điểm M(0; –3) là:
A. x + 3 = 0.
B. x + y – 3 = 0.
C. y – 3 = 0.
D. y + 3 = 0.","Đường tròn (C): x^2 + y^2 = 9, M(0; -3). Tiếp tuyến tại M có dạng y = mx + b. Thay M vào: -3 = m*0 + b => b = -3. Vậy phương trình tiếp tuyến là y = mx - 3.",3,MS,Missing step: The student found 'b' but didn't find 'm' (the slope) using the tangency condition.,true,The student didn't complete the process of finding the tangent line equation.
"Phương trình tiếp tuyến của đường tròn (C) : $x^2 + y^2 = 9$ tại điểm M(0; –3) là:
A. x + 3 = 0.
B. x + y – 3 = 0.
C. y – 3 = 0.
D. y + 3 = 0.",Phương trình đường tròn (C): x^2 + y^2 = 9. Điểm M(0; -3). Tiếp tuyến tại M có hệ số góc là 1. Vậy phương trình tiếp tuyến là y + 3 = 1*(x - 0) => y + 3 = x.,2,HA,Hallucination: The student arbitrarily assigned a slope of 1 to the tangent line without any justification.,true,The student invented a slope value.
"Phương trình tiếp tuyến của đường tròn (C) : $x^2 + y^2 = 9$ tại điểm M(0; –3) là:
A. x + 3 = 0.
B. x + y – 3 = 0.
C. y – 3 = 0.
D. y + 3 = 0.","Đường tròn (C): x^2 + y^2 = 9, M(0; -3). Bán kính OM = 3. Phương trình tiếp tuyến là đường thẳng vuông góc với OM tại M. OM có phương trình x = 0. Vậy phương trình tiếp tuyến là y = 0.",3,REAS,"Incorrect reasoning: While the tangent is perpendicular to OM, OM is not the correct line to consider. The slope of OM is undefined, and the tangent is horizontal, so the equation is y = -3.",true,The student incorrectly interpreted the relationship between the radius and the tangent line.
"Trong mặt phẳng tọa độ Oxy, cho hai điểm A(3; –2); B(–1; 4), đường thẳng d : 3x + 4y – 5 = 0 và đường thẳng Δ : 2x + 3y + 8 = 0.
a) Đường thẳng đi qua điểm A và vuông góc với đường thẳng d có phương trình 4x + 3y – 2 = 0.
b) Đường tròn đường kính AB có phương trình $(x-1)^2 + (y-1)^2 = 8$.
c) Đường tròn tâm B tiếp xúc với đường thẳng d có phương trình $(x+1)^2 + (y-4)^2 = \frac{64}{25}$.
d) Có 2 phương trình tiếp tuyến của đường tròn đường kính AB song song với đường thẳng Δ.",b) Tâm của đường tròn là trung điểm của AB: I((3-1)/2; (-2+4)/2) = I(1; 1). Bán kính R = AB/2 = sqrt((3+1)^2 + (-2-4)^2)/2 = sqrt(16+36)/2 = sqrt(52)/2 = sqrt(13). Phương trình đường tròn là (x-1)^2 + (y-1)^2 = 13.,3,CAL,Incorrectly calculated the radius. AB/2 = sqrt(52)/2 = sqrt(13) is wrong. It should be sqrt(13).,true,Error in simplifying the square root.
"Trong mặt phẳng tọa độ Oxy, cho hai điểm A(3; –2); B(–1; 4), đường thẳng d : 3x + 4y – 5 = 0 và đường thẳng Δ : 2x + 3y + 8 = 0.
a) Đường thẳng đi qua điểm A và vuông góc với đường thẳng d có phương trình 4x + 3y – 2 = 0.
b) Đường tròn đường kính AB có phương trình $(x-1)^2 + (y-1)^2 = 8$.
c) Đường tròn tâm B tiếp xúc với đường thẳng d có phương trình $(x+1)^2 + (y-4)^2 = \frac{64}{25}$.
d) Có 2 phương trình tiếp tuyến của đường tròn đường kính AB song song với đường thẳng Δ.",a) Hệ số góc của d là m = 3/4. Hệ số góc của đường thẳng vuông góc là m' = -4/3. Phương trình đường thẳng qua A(3; -2) là y - (-2) = -4/3(x - 3) => y + 2 = -4/3x + 4 => y = -4/3x + 2 => 3y = -4x + 6 => 4x + 3y + 6 = 0.,2,OP,Incorrect sign in the equation of the line. Should be 4x + 3y - 6 = 0.,true,Sign error in the final equation.
"Trong mặt phẳng tọa độ Oxy, cho hai điểm A(3; –2); B(–1; 4), đường thẳng d : 3x + 4y – 5 = 0 và đường thẳng Δ : 2x + 3y + 8 = 0.
a) Đường thẳng đi qua điểm A và vuông góc với đường thẳng d có phương trình 4x + 3y – 2 = 0.
b) Đường tròn đường kính AB có phương trình $(x-1)^2 + (y-1)^2 = 8$.
c) Đường tròn tâm B tiếp xúc với đường thẳng d có phương trình $(x+1)^2 + (y-4)^2 = \frac{64}{25}$.
d) Có 2 phương trình tiếp tuyến của đường tròn đường kính AB song song với đường thẳng Δ.",b) Trung điểm AB là I(1; 1). Bán kính R = sqrt((1-3)^2 + (1-(-2))^2) = sqrt(4 + 9) = sqrt(13). Vậy phương trình đường tròn là (x-1)^2 + (y-1)^2 = 13.,1,CAL,Incorrectly calculated the radius. Should be sqrt(13).,true,Error in calculating the distance between two points.
"Trong mặt phẳng tọa độ Oxy, cho hai điểm A(3; –2); B(–1; 4), đường thẳng d : 3x + 4y – 5 = 0 và đường thẳng Δ : 2x + 3y + 8 = 0.
a) Đường thẳng đi qua điểm A và vuông góc với đường thẳng d có phương trình 4x + 3y – 2 = 0.
b) Đường tròn đường kính AB có phương trình $(x-1)^2 + (y-1)^2 = 8$.
c) Đường tròn tâm B tiếp xúc với đường thẳng d có phương trình $(x+1)^2 + (y-4)^2 = \frac{64}{25}$.
d) Có 2 phương trình tiếp tuyến của đường tròn đường kính AB song song với đường thẳng Δ.",c) Đường thẳng d: 3x + 4y - 5 = 0. Bán kính R là khoảng cách từ B(-1; 4) đến d: R = |3(-1) + 4(4) - 5|/sqrt(3^2 + 4^2) = | -3 + 16 - 5|/5 = 8/5. Phương trình đường tròn là (x-1)^2 + (y-4)^2 = (8/5)^2 = 64/25.,1,MIS,"The question asks for the circle centered at B, but the solution uses the center (1,4) which is the midpoint of AB.",true,Misunderstanding of the problem statement.
"Trong mặt phẳng tọa độ Oxy, cho hai điểm A(3; –2); B(–1; 4), đường thẳng d : 3x + 4y – 5 = 0 và đường thẳng Δ : 2x + 3y + 8 = 0.
a) Đường thẳng đi qua điểm A và vuông góc với đường thẳng d có phương trình 4x + 3y – 2 = 0.
b) Đường tròn đường kính AB có phương trình $(x-1)^2 + (y-1)^2 = 8$.
c) Đường tròn tâm B tiếp xúc với đường thẳng d có phương trình $(x+1)^2 + (y-4)^2 = \frac{64}{25}$.
d) Có 2 phương trình tiếp tuyến của đường tròn đường kính AB song song với đường thẳng Δ.",a) Đường thẳng d có phương trình 3x + 4y - 5 = 0. Hệ số góc của d là 3/4. Đường thẳng vuông góc với d có hệ số góc -4/3. Phương trình đường thẳng đi qua A(3; -2) là y + 2 = -4/3(x + 3) => y + 2 = -4/3x - 4 => y = -4/3x - 6 => 3y = -4x - 18 => 4x + 3y + 18 = 0.,2,CAL,Incorrect sign in the equation of the line. Should be 4x + 3y - 6 = 0.,true,Arithmetic error.
"Trong mặt phẳng tọa độ Oxy, cho hai điểm A(3; –2); B(–1; 4), đường thẳng d : 3x + 4y – 5 = 0 và đường thẳng Δ : 2x + 3y + 8 = 0.
a) Đường thẳng đi qua điểm A và vuông góc với đường thẳng d có phương trình 4x + 3y – 2 = 0.
b) Đường tròn đường kính AB có phương trình $(x-1)^2 + (y-1)^2 = 8$.
c) Đường tròn tâm B tiếp xúc với đường thẳng d có phương trình $(x+1)^2 + (y-4)^2 = \frac{64}{25}$.
d) Có 2 phương trình tiếp tuyến của đường tròn đường kính AB song song với đường thẳng Δ.",b) Tâm I(1; 1). Bán kính R = AB = sqrt((3+1)^2 + (-2-4)^2) = sqrt(16 + 36) = sqrt(52) = 2sqrt(13). Phương trình đường tròn là (x-1)^2 + (y-1)^2 = 52.,2,CAL,Incorrectly calculated the radius. Should be sqrt(13).,true,Error in calculating the radius.
"Trên mặt phẳng Oxy, ta xét một hình chữ nhật ABCD với các điểm A(–4; 0); B(–4; 2); C(3; 0) và D(3; 2). Một con châu chấu nhảy trong hình chữ nhật đó tính cả trên cạnh hình chữ nhật sao cho chân nó luôn đáp xuống mặt phẳng tại các điểm có tọa độ nguyên (tức là điểm có cả hoành độ và tung độ đều nguyên). Tính xác suất để nó đáp xuống các điểm M(x; y) sao cho x + y ≥ 1.","Số điểm có tọa độ nguyên trong hình chữ nhật là (3 - (-4) + 1) * (2 - 0 + 1) = 8 * 3 = 24.  Số điểm thỏa mãn x + y >= 1 là tất cả các điểm trừ các điểm x + y < 1. Các điểm x + y < 1 là (-4, 2), (-3, 2), (-2, 2), (-1, 2), (-4, 1), (-3, 1), (-2, 1), (-1, 1). Vậy có 8 điểm. Xác suất là (24 - 8) / 24 = 16 / 24 = 2/3.",1,CAL,Incorrectly calculated the number of integer points. It should be (3 - (-4) + 1) * (2 - 0 + 1) = 8 * 3 = 24.,true,The initial calculation error propagates through the rest of the solution.
"Trên mặt phẳng Oxy, ta xét một hình chữ nhật ABCD với các điểm A(–4; 0); B(–4; 2); C(3; 0) và D(3; 2). Một con châu chấu nhảy trong hình chữ nhật đó tính cả trên cạnh hình chữ nhật sao cho chân nó luôn đáp xuống mặt phẳng tại các điểm có tọa độ nguyên (tức là điểm có cả hoành độ và tung độ đều nguyên). Tính xác suất để nó đáp xuống các điểm M(x; y) sao cho x + y ≥ 1.","Hình chữ nhật ABCD có chiều dài 7 và chiều rộng 2. Tổng số điểm có tọa độ nguyên là 7 * 2 = 14. Các điểm thỏa mãn x + y >= 1 là tất cả các điểm trừ (-4, 0). Vậy có 13 điểm thỏa mãn. Xác suất là 13/14.",1,CAL,Incorrectly calculated the total number of integer points. It should be (7+1)*(2+1) = 8*3 = 24.,true,The initial calculation error propagates through the rest of the solution.
"Trên mặt phẳng Oxy, ta xét một hình chữ nhật ABCD với các điểm A(–4; 0); B(–4; 2); C(3; 0) và D(3; 2). Một con châu chấu nhảy trong hình chữ nhật đó tính cả trên cạnh hình chữ nhật sao cho chân nó luôn đáp xuống mặt phẳng tại các điểm có tọa độ nguyên (tức là điểm có cả hoành độ và tung độ đều nguyên). Tính xác suất để nó đáp xuống các điểm M(x; y) sao cho x + y ≥ 1.","Số điểm có tọa độ nguyên trong hình chữ nhật là (3 - (-4) + 1) * (2 - 0 + 1) = 8 * 3 = 24.  Số điểm thỏa mãn x + y >= 1 là tất cả các điểm trừ các điểm x + y < 1. Các điểm x + y < 1 là (-4, 0). Vậy có 1 điểm. Xác suất là (24 - 1) / 24 = 23 / 24.",3,CAL,"Incorrectly identified the points where x + y < 1. There are more than just (-4, 0).",true,Incorrectly identifying the points where x + y < 1 leads to a wrong count.
"Trên mặt phẳng Oxy, ta xét một hình chữ nhật ABCD với các điểm A(–4; 0); B(–4; 2); C(3; 0) và D(3; 2). Một con châu chấu nhảy trong hình chữ nhật đó tính cả trên cạnh hình chữ nhật sao cho chân nó luôn đáp xuống mặt phẳng tại các điểm có tọa độ nguyên (tức là điểm có cả hoành độ và tung độ đều nguyên). Tính xác suất để nó đáp xuống các điểm M(x; y) sao cho x + y ≥ 1.",Hình chữ nhật ABCD có diện tích là (3 - (-4)) * (2 - 0) = 7 * 2 = 14.  Số điểm thỏa mãn x + y >= 1 là diện tích của hình chữ nhật trừ đi diện tích của tam giác x + y < 1. Xác suất là 1.,2,REAS,"Incorrectly applying area concepts to discrete points.  The problem deals with integer coordinates, not continuous area.",true,Applying area concepts to a discrete problem is a fundamental reasoning error.
"Trên mặt phẳng Oxy, ta xét một hình chữ nhật ABCD với các điểm A(–4; 0); B(–4; 2); C(3; 0) và D(3; 2). Một con châu chấu nhảy trong hình chữ nhật đó tính cả trên cạnh hình chữ nhật sao cho chân nó luôn đáp xuống mặt phẳng tại các điểm có tọa độ nguyên (tức là điểm có cả hoành độ và tung độ đều nguyên). Tính xác suất để nó đáp xuống các điểm M(x; y) sao cho x + y ≥ 1.",Tổng số điểm có tọa độ nguyên là (3 + 4) * (2 + 0) = 7 * 2 = 14.  Số điểm thỏa mãn x + y >= 1 là 14 - 1 = 13. Xác suất là 13/14.,1,CAL,Incorrectly calculated the total number of integer points. It should be (3 - (-4) + 1) * (2 - 0 + 1) = 8 * 3 = 24.,true,The initial calculation error propagates through the rest of the solution.
"Trên mặt phẳng Oxy, ta xét một hình chữ nhật ABCD với các điểm A(–4; 0); B(–4; 2); C(3; 0) và D(3; 2). Một con châu chấu nhảy trong hình chữ nhật đó tính cả trên cạnh hình chữ nhật sao cho chân nó luôn đáp xuống mặt phẳng tại các điểm có tọa độ nguyên (tức là điểm có cả hoành độ và tung độ đều nguyên). Tính xác suất để nó đáp xuống các điểm M(x; y) sao cho x + y ≥ 1.",Có 24 điểm có tọa độ nguyên trong hình chữ nhật.  Xác suất để đáp xuống điểm M(x; y) sao cho x + y >= 1 là 1/24.,2,KNOW,Incorrectly assuming each point has an equal probability of being selected. The problem doesn't state this.,true,Incorrectly applying probability concepts.
"Trên mặt phẳng Oxy, ta xét một hình chữ nhật ABCD với các điểm A(–4; 0); B(–4; 2); C(3; 0) và D(3; 2). Một con châu chấu nhảy trong hình chữ nhật đó tính cả trên cạnh hình chữ nhật sao cho chân nó luôn đáp xuống mặt phẳng tại các điểm có tọa độ nguyên (tức là điểm có cả hoành độ và tung độ đều nguyên). Tính xác suất để nó đáp xuống các điểm M(x; y) sao cho x + y ≥ 1.",Hình chữ nhật ABCD có các điểm A(–4; 0); B(–4; 2); C(3; 0) và D(3; 2).  Số điểm có tọa độ nguyên là 24.  Số điểm thỏa mãn x + y >= 1 là 12. Xác suất là 12/24 = 1/2.,3,CAL,Incorrectly counted the number of points satisfying x + y >= 1. It's not 12.,true,Incorrect counting leads to a wrong probability.
"Trên mặt phẳng Oxy, ta xét một hình chữ nhật ABCD với các điểm A(–4; 0); B(–4; 2); C(3; 0) và D(3; 2). Một con châu chấu nhảy trong hình chữ nhật đó tính cả trên cạnh hình chữ nhật sao cho chân nó luôn đáp xuống mặt phẳng tại các điểm có tọa độ nguyên (tức là điểm có cả hoành độ và tung độ đều nguyên). Tính xác suất để nó đáp xuống các điểm M(x; y) sao cho x + y ≥ 1.",Tổng số điểm có tọa độ nguyên là (3 - (-4) + 1) * (2 - 0 + 1) = 8 * 3 = 24.  Số điểm thỏa mãn x + y >= 1 là 24 - 1 = 23. Xác suất là 23/24.,2,MIS,Misinterpreted the condition x + y >= 1.  Subtracting 1 from the total number of points is not a valid approach.,true,Misunderstanding the condition leads to an incorrect calculation.
Cho đường tròn (C) : $(x-a)^2 + (y-b)^2 = 10$ tiếp xúc với đường thẳng Δ : x + 3y – 16 = 0 tại A(4; 4). Tính $\frac{b}{a}$ biết rằng giá trị của b < 5.,"Gọi I(a,b) là tâm đường tròn. Vì A(4,4) thuộc đường tròn và tiếp tuyến x + 3y - 16 = 0, ta có IA vuông góc với tiếp tuyến. Phương trình đường thẳng IA có dạng 3x - y + c = 0. Thay A(4,4) vào: 3(4) - 4 + c = 0 => c = -8. Vậy IA: 3x - y - 8 = 0. I(a,b) thuộc IA: 3a - b - 8 = 0.  (4-a)^2 + (4-b)^2 = 10.  b = 3a - 8.  (4-a)^2 + (4 - (3a - 8))^2 = 10 => (4-a)^2 + (12 - 3a)^2 = 10 => 16 - 8a + a^2 + 144 - 72a + 9a^2 = 10 => 10a^2 - 80a + 160 = 0 => a^2 - 8a + 16 = 0 => (a-4)^2 = 0 => a = 4. b = 3*4 - 8 = 4. b/a = 4/4 = 1.",9,CAL,"Made an error when moving the constant term from the right side of the equation. `10a^2 - 80a + 160 = 10` should become `10a^2 - 80a + 150 = 0`, but the student wrote `10a^2 - 80a + 160 = 0`.",true,The error in calculation leads to an incorrect value of 'a'.
Cho đường tròn (C) : $(x-a)^2 + (y-b)^2 = 10$ tiếp xúc với đường thẳng Δ : x + 3y – 16 = 0 tại A(4; 4). Tính $\frac{b}{a}$ biết rằng giá trị của b < 5.,"Gọi I(a,b) là tâm đường tròn. Vì A(4,4) thuộc đường tròn và tiếp tuyến x + 3y - 16 = 0, ta có IA vuông góc với tiếp tuyến. Phương trình đường thẳng IA có dạng 3x - y + c = 0. Thay A(4,4) vào: 3(4) - 4 + c = 0 => c = -8. Vậy IA: 3x - y - 8 = 0. I(a,b) thuộc IA: 3a - b - 8 = 0.  (4-a)^2 + (4-b)^2 = 10.  b = 3a - 8.  (4-a)^2 + (4 - (3a - 8))^2 = 10 => (4-a)^2 + (12 - 3a)^2 = 10 => 16 - 8a + a^2 + 144 - 72a + 9a^2 = 10 => 10a^2 - 80a + 150 = 0 => a^2 - 8a + 15 = 0 => (a-2)(a-6) = 0. a = 2 hoặc a = 6. Nếu a = 2 => b = 3*2 - 8 = -2. b/a = -2/2 = -1. Nếu a = 6 => b = 3*6 - 8 = 10. b/a = 10/6 = 5/3. Vì b < 5 nên b/a = -1.",11,CAL,Incorrect factorization: a^2 - 8a + 15 = 0 is incorrectly factored as (a-2)(a-6) = 0. The correct factorization is (a-3)(a-5) = 0.,true,The incorrect factorization leads to wrong values for 'a' and 'b'.
"Cho tứ giác ABCD . Trên mỗi cạnh AB, BC, CD, DA lấy 8 điểm phân biệt và không có điểm nào trùng với 4 đỉnh A, B, C, D . Hỏi từ 36 điểm đã cho lập được bao nhiêu tam giác","Số điểm trên mỗi cạnh là 8. Tổng số điểm là 8*4 = 32. Số tam giác có thể lập được từ 32 điểm là C(32,3) = 32*31*30/6 = 4960. Tuy nhiên, cần trừ đi các trường hợp 3 điểm cùng nằm trên một cạnh. Có 4 cạnh, mỗi cạnh có C(8,3) = 56 cách chọn 3 điểm. Vậy số tam giác là 4960 - 4*56 = 4960 - 224 = 4736.",1,CAL,"Incorrectly calculated the total number of points. It should be 8*4 + 4 = 36, not 32.",true,The initial calculation error propagates through the rest of the solution.
"Cho tứ giác ABCD . Trên mỗi cạnh AB, BC, CD, DA lấy 8 điểm phân biệt và không có điểm nào trùng với 4 đỉnh A, B, C, D . Hỏi từ 36 điểm đã cho lập được bao nhiêu tam giác","Tổng số điểm là 36. Chọn 3 điểm bất kỳ từ 36 điểm: C(36,3) = 36*35*34/6 = 7140. Số tam giác có 3 đỉnh trên cùng một cạnh là 4*C(8,3) = 4*56 = 224. Số tam giác cần tìm là 7140 + 224 = 7364.",3,OP,Incorrectly added the number of collinear triangles instead of subtracting them.,true,Simple operator error leading to a wrong answer.
"Cho tứ giác ABCD . Trên mỗi cạnh AB, BC, CD, DA lấy 8 điểm phân biệt và không có điểm nào trùng với 4 đỉnh A, B, C, D . Hỏi từ 36 điểm đã cho lập được bao nhiêu tam giác","Có 4 cạnh, mỗi cạnh 8 điểm. Vậy có 4*8 = 32 điểm. Số tam giác có thể lập được là C(32,3) = 32*31*30/6 = 4960.",1,CAL,"Incorrectly calculated the total number of points. It should be 8*4 + 4 = 36, not 32.",true,The initial calculation error propagates through the rest of the solution.
"Cho tứ giác ABCD . Trên mỗi cạnh AB, BC, CD, DA lấy 8 điểm phân biệt và không có điểm nào trùng với 4 đỉnh A, B, C, D . Hỏi từ 36 điểm đã cho lập được bao nhiêu tam giác","Số tam giác có thể lập được từ 36 điểm là C(36,3) = 36*35*34/3! = 7140. Số tam giác có 3 đỉnh nằm trên cùng một cạnh là 4*C(8,2) = 4*28 = 112. Vậy số tam giác cần tìm là 7140 - 112 = 7028.",2,CAL,"Incorrectly calculated C(8,2). It should be C(8,3) = 56, not C(8,2) = 28.",true,"The error in calculating C(8,2) leads to an incorrect subtraction."
"Gọi S là tập hợp các số tự nhiên có ba chữ số đôi một khác nhau được lập thành từ các chữ số 1, 2, 3, 4, 5, 6. Chọn ngẫu nhiên một số từ S, tính xác suất để số được chọn là một số chia hết cho 5.",Tổng số các số có 3 chữ số khác nhau là 6*6*6 = 216. Số chia hết cho 5 có tận cùng là 0 hoặc 5. Vì không có số 0 nên chỉ có tận cùng là 5. Vậy có 5*5*1 = 25 số chia hết cho 5. Xác suất là 25/216.,1,KNOW,"Incorrectly calculated the total number of 3-digit numbers. It should be permutations, not repetitions.",true,The initial error in calculating the total number of possible numbers propagates through the rest of the solution.
"Gọi S là tập hợp các số tự nhiên có ba chữ số đôi một khác nhau được lập thành từ các chữ số 1, 2, 3, 4, 5, 6. Chọn ngẫu nhiên một số từ S, tính xác suất để số được chọn là một số chia hết cho 5.",Số các số có 3 chữ số khác nhau là 6*5*4 = 120. Số chia hết cho 5 có tận cùng là 5. Vậy có 1*4*3 = 12 số chia hết cho 5. Xác suất là 12/120 = 1/10.,3,OP,"Incorrectly calculated the number of numbers divisible by 5. It should be 5*4 = 20, not 1*4*3.",true,The error in calculating the number of divisible numbers directly affects the final probability.
Cho parabol (P) : $y^2 = 4x$ và hai điểm A(0; –4); B(–6; 4). C là điểm trên (P) sao cho tam giác ABC có diện tích bé nhất. Tìm tọa độ điểm C.,"Gọi C(x0; y0) với y0^2 = 4x0. Diện tích tam giác ABC là S = 1/2 * AB * h, với h là khoảng cách từ C đến AB. Phương trình AB: (x-0)/(–6-0) = (y+4)/(4+4) => x/–6 = (y+4)/8 => 8x = -6y - 24 => 8x + 6y + 24 = 0. h = |8x0 + 6y0 + 24| / sqrt(8^2 + 6^2) = |8x0 + 6y0 + 24| / 10. S min khi h min => |8x0 + 6y0 + 24| min. x0 = y0^2/4. Thay vào: |2y0^2 + 6y0 + 24| min. Vì 2y0^2 + 6y0 + 24 luôn dương nên min khi 2y0^2 + 6y0 + 24 = 0. Delta = 36 - 4*2*24 < 0. Vậy không có nghiệm.",7,REAS,Incorrectly concluding that no solution exists because the quadratic has no real roots. The minimum value of the absolute value of a quadratic doesn't necessarily occur at the roots.,true,The student incorrectly applies the discriminant condition to find the minimum value of the absolute value.
Cho parabol (P) : $y^2 = 4x$ và hai điểm A(0; –4); B(–6; 4). C là điểm trên (P) sao cho tam giác ABC có diện tích bé nhất. Tìm tọa độ điểm C.,Gọi C(x0; y0) với y0^2 = 4x0. Diện tích tam giác ABC là S = 1/2 |(xA(yB - yC) + xB(yC - yA) + xC(yA - yB))|. Thay số: S = 1/2 |(0(4 - y0) + (-6)(y0 - (-4)) + x0(-4 - 4))| = 1/2 |(-6y0 - 24 - 8x0)| = 1/2 |8x0 + 6y0 + 24|. Để S min thì 8x0 + 6y0 + 24 = 0. Ta có y0^2 = 4x0 => x0 = y0^2/4. Thay vào: 8(y0^2/4) + 6y0 + 24 = 0 => 2y0^2 + 6y0 + 24 = 0 => y0^2 + 3y0 + 12 = 0. Delta = 9 - 4*12 < 0. Vậy không có nghiệm.,4,REAS,Incorrectly setting the expression for area to zero instead of minimizing its absolute value.,true,"The student incorrectly equates the expression to zero, leading to a false conclusion."
Cho parabol (P) : $y^2 = 4x$ và hai điểm A(0; –4); B(–6; 4). C là điểm trên (P) sao cho tam giác ABC có diện tích bé nhất. Tìm tọa độ điểm C.,Gọi C(x0; y0) với y0^2 = 4x0. Diện tích tam giác ABC là S = 1/2 |(xA(yB - yC) + xB(yC - yA) + xC(yA - yB))|. Thay số: S = 1/2 |(0(4 - y0) + (-6)(y0 - (-4)) + x0(-4 - 4))| = 1/2 |(-6y0 - 24 - 8x0)| = 1/2 |8x0 + 6y0 + 24|. Để S min thì 8x0 + 6y0 + 24 = 0. Ta có y0^2 = 4x0 => x0 = y0/4. Thay vào: 8(y0/4) + 6y0 + 24 = 0 => 2y0 + 6y0 + 24 = 0 => 8y0 = -24 => y0 = -3. x0 = -3/4. Vậy C(-3/4; -3).,5,CAL,Incorrectly substituting x0 = y0/4 instead of x0 = y0^2/4.,true,The incorrect substitution leads to a wrong coordinate for C.
Cho parabol (P) : $y^2 = 4x$ và hai điểm A(0; –4); B(–6; 4). C là điểm trên (P) sao cho tam giác ABC có diện tích bé nhất. Tìm tọa độ điểm C.,"Gọi C(x0; y0) với y0^2 = 4x0. Diện tích tam giác ABC là S = 1/2 * AB * h, với h là khoảng cách từ C đến AB. Phương trình AB: (x-0)/(–6-0) = (y+4)/(4+4) => x/–6 = (y+4)/8 => 8x = -6y - 24 => 8x + 6y + 24 = 0. h = |8x0 + 6y0 + 24| / sqrt(8^2 + 6^2) = |8x0 + 6y0 + 24| / 10. S min khi h min => |8x0 + 6y0 + 24| = 0. x0 = y0^2/4. Thay vào: 8(y0^2/4) + 6y0 + 24 = 0 => 2y0^2 + 6y0 + 24 = 0. Vậy y0 = (-6 +- sqrt(36 - 4*2*24))/4. Không có nghiệm thực.",6,KNOW,Incorrectly assuming that the minimum height occurs when the height is exactly zero. The minimum height can be a non-zero value.,true,The student misapplies the concept of minimum distance.
Cho parabol (P) : $y^2 = 4x$ và hai điểm A(0; –4); B(–6; 4). C là điểm trên (P) sao cho tam giác ABC có diện tích bé nhất. Tìm tọa độ điểm C.,Gọi C(x0; y0) với y0^2 = 4x0. Diện tích tam giác ABC là S = 1/2 |(xA(yB - yC) + xB(yC - yA) + xC(yA - yB))|. Thay số: S = 1/2 |(0(4 - y0) + (-6)(y0 - (-4)) + x0(-4 - 4))| = 1/2 |(-6y0 - 24 - 8x0)| = 1/2 |8x0 + 6y0 + 24|. Để S min thì 8x0 + 6y0 + 24 = 0. Ta có y0^2 = 4x0 => x0 = y0^2/4. Thay vào: 8(y0^2/4) + 6y0 + 24 = 0 => 2y0^2 + 6y0 + 24 = 0. Chia cả hai vế cho 2: y0^2 + 3y0 + 12 = 0. Nghiệm là y0 = (-3 +- sqrt(9 - 48))/2. Vậy không có nghiệm.,7,CAL,"Correctly simplified the equation, but still concludes there's no solution due to the negative discriminant, failing to recognize the problem asks for the minimum area, not necessarily a real solution.",true,The student correctly performs the calculation but misinterprets the result in the context of the problem.
"Trong mặt phẳng Oxyz, phương trình nào sau đây là phương trình đường tròn?
A. $x^2 + 2y^2 - 4x - 8y + 1 = 0$.
B. $x^2 + y^2 + 4x - 6y - 12 = 0$.
C. $x^2 + y^2 - 2x + 8y + 20 = 0$.
D. $x^2 - y^2 + 5x - 7y - 11 = 0$.",Phương trình đường tròn phải có dạng x^2 + y^2 = R^2. Đáp án C: x^2 + y^2 - 2x + 8y + 20 = 0. Vì có -2x và 8y nên không phải là phương trình đường tròn.,2,KNOW,Incorrectly stating the form of a circle equation. It doesn't have to be centered at the origin.,true,The student believes a circle must be centered at the origin.
"Trong mặt phẳng Oxyz, phương trình nào sau đây là phương trình đường tròn?
A. $x^2 + 2y^2 - 4x - 8y + 1 = 0$.
B. $x^2 + y^2 + 4x - 6y - 12 = 0$.
C. $x^2 + y^2 - 2x + 8y + 20 = 0$.
D. $x^2 - y^2 + 5x - 7y - 11 = 0$.",Phương trình đường tròn là một loại đường conic. Đáp án A là một elip vì có hệ số khác nhau trước x^2 và y^2.,2,MIS,"Misinterpreting the question. The question asks for a circle equation, not identifying conic sections.",true,The student answered a different question than the one asked.
"Trong mặt phẳng Oxyz, phương trình nào sau đây là phương trình đường tròn?
A. $x^2 + 2y^2 - 4x - 8y + 1 = 0$.
B. $x^2 + y^2 + 4x - 6y - 12 = 0$.
C. $x^2 + y^2 - 2x + 8y + 20 = 0$.
D. $x^2 - y^2 + 5x - 7y - 11 = 0$.","Phương trình đường tròn có dạng x^2 + y^2 + 2ax + 2by + c = 0. Đáp án B: x^2 + y^2 + 4x - 6y - 12 = 0. Ta có a = 2, b = -3, c = -12. Vậy phương trình này thỏa mãn.",3,MS,"Missing step: The student identified a, b, and c but didn't check if the equation represents a valid circle (i.e., if a^2 + b^2 - c > 0).",true,The student identified the coefficients but didn't complete the verification process.
"Trong mặt phẳng Oxyz, phương trình nào sau đây là phương trình đường tròn?
A. $x^2 + 2y^2 - 4x - 8y + 1 = 0$.
B. $x^2 + y^2 + 4x - 6y - 12 = 0$.
C. $x^2 + y^2 - 2x + 8y + 20 = 0$.
D. $x^2 - y^2 + 5x - 7y - 11 = 0$.",Phương trình đường tròn có dạng x^2 + y^2 + 2ax + 2by + c = 0. Đáp án D: x^2 - y^2 + 5x - 7y - 11 = 0. Vì có -y^2 nên đây là một hyperbol.,2,KNOW,"Incorrectly identifying the conic section. The presence of -y^2 indicates a hyperbola, but the student should have focused on whether it's a circle.",true,The student misidentified the conic section.
"Trong mặt phẳng Oxyz, phương trình nào sau đây là phương trình đường tròn?
A. $x^2 + 2y^2 - 4x - 8y + 1 = 0$.
B. $x^2 + y^2 + 4x - 6y - 12 = 0$.
C. $x^2 + y^2 - 2x + 8y + 20 = 0$.
D. $x^2 - y^2 + 5x - 7y - 11 = 0$.","Phương trình đường tròn có dạng x^2 + y^2 + ax + by + c = 0. Đáp án B: x^2 + y^2 + 4x - 6y - 12 = 0.  Ta có a = 4, b = -6, c = -12.  Vậy đường tròn này có tâm là (4, -6).",3,CV,"Incorrectly determining the center of the circle. The center is (-a/2, -b/2) = (-2, 3), not (4, -6).",true,The student incorrectly applied the formula for the center of the circle.
"Xét phép thử ""Gieo một xúc sắc cân đối và đồng chất"". Biến cố nào dưới đây là biến cố chắc chắn?
A. ""Mặt xuất hiện có số chấm không vượt quá 6"".
B. ""Mặt xuất hiện có 7 chấm"".
C. ""Mặt xuất hiện là số nguyên tố"".
D. ""Mặt xuất hiện có 1 chấm"".","Xúc sắc có 6 mặt: 1, 2, 3, 4, 5, 6. A: Số chấm <= 6, luôn đúng. B: Số chấm = 7, không thể xảy ra. C: Số nguyên tố: 1, 2, 3, 5. D: Số chấm = 1. Biến cố chắc chắn là biến cố có nhiều khả năng xảy ra nhất. Vậy đáp án là C.",1,KNOW,Incorrect understanding of 'certain event'. The student equates 'certain event' with 'most likely event'.,true,The student misinterprets the definition of a certain event.
"Xét phép thử ""Gieo một xúc sắc cân đối và đồng chất"". Biến cố nào dưới đây là biến cố chắc chắn?
A. ""Mặt xuất hiện có số chấm không vượt quá 6"".
B. ""Mặt xuất hiện có 7 chấm"".
C. ""Mặt xuất hiện là số nguyên tố"".
D. ""Mặt xuất hiện có 1 chấm"".","Xúc sắc có 6 mặt. A: Mặt <= 6, luôn đúng. B: Mặt = 7, không thể. C: Số nguyên tố: 2, 3, 5. D: Mặt = 1. Biến cố chắc chắn là biến cố có ít nhất một khả năng xảy ra. Vậy đáp án là A.",1,KNOW,Incorrect definition of a certain event. The student defines it as having 'at least one possibility' which is too broad.,true,The student provides a flawed definition of a certain event.
"Trong mặt phẳng với hệ trục tọa độ Oxy, phương trình nào dưới đây là phương trình chính tắc của Hypebol (H)?
A. $\frac{x^2}{4} + \frac{y^2}{4} = 1$.
B. $\frac{x^2}{4} - \frac{y^2}{4} = 1$.
C. $\frac{x^2}{6} + \frac{y^2}{5} = 1$.
D. $\frac{x^2}{17} - \frac{y^2}{8} = 1$.",Phương trình chính tắc của Hypebol có dạng $\frac{x^2}{a^2} - \frac{y^2}{b^2} = 1$ hoặc $\frac{y^2}{a^2} - \frac{x^2}{b^2} = 1$. Xét các đáp án: A. Có dấu cộng nên là Elip. B. Có dạng đúng. C. Có dấu cộng nên là Elip. D. Có dạng đúng. Chọn B hoặc D. Vì không có thêm thông tin nên chọn B.,2,REAS,Incorrectly concludes that both B and D are valid without further analysis. The student doesn't use any given information about the hyperbola to differentiate between B and D.,true,The student correctly identifies the general form of a hyperbola but fails to apply it decisively to the given options.
"Trong mặt phẳng với hệ trục tọa độ Oxy, phương trình nào dưới đây là phương trình chính tắc của Hypebol (H)?
A. $\frac{x^2}{4} + \frac{y^2}{4} = 1$.
B. $\frac{x^2}{4} - \frac{y^2}{4} = 1$.
C. $\frac{x^2}{6} + \frac{y^2}{5} = 1$.
D. $\frac{x^2}{17} - \frac{y^2}{8} = 1$.",Phương trình chính tắc của Hypebol là $\frac{x^2}{a^2} + \frac{y^2}{b^2} = 1$. Đáp án A thỏa mãn. Vậy chọn A.,1,KNOW,Incorrectly states the standard form of a hyperbola as that of an ellipse.,true,Fundamental misunderstanding of the hyperbola's equation.
"Trong mặt phẳng với hệ trục tọa độ Oxy, phương trình nào dưới đây là phương trình chính tắc của Hypebol (H)?
A. $\frac{x^2}{4} + \frac{y^2}{4} = 1$.
B. $\frac{x^2}{4} - \frac{y^2}{4} = 1$.
C. $\frac{x^2}{6} + \frac{y^2}{5} = 1$.
D. $\frac{x^2}{17} - \frac{y^2}{8} = 1$.","Phương trình chính tắc của Hypebol là $\frac{x^2}{a^2} - \frac{y^2}{b^2} = 1$. Đáp án B có dạng này. Vậy chọn B. a^2 = 4, b^2 = -4.",2,CS,The statement 'b^2 = -4' is contradictory. b^2 must be a positive value in the equation of a hyperbola.,true,"The student introduces a negative value for b^2, which is mathematically invalid."
"Một lớp học có 18 nam và 12 nữ. Số cách chọn hai bạn từ lớp học đó, trong đó có một nam và một nữ tham gia đội xung kích nhà trường là:
A. 30.
B. $C_{18}^1C_{12}^1$.
C. $C_{30}^2$.
D. 216.",Số cách chọn 1 nam từ 18 nam là 18. Số cách chọn 1 nữ từ 12 nữ là 12. Vậy số cách chọn là 18 + 12 = 30.,3,REAS,Incorrectly added the number of ways to choose a boy and a girl instead of multiplying them. The fundamental counting principle requires multiplication when choices are made sequentially.,true,The student misunderstood the counting principle.
"Một lớp học có 18 nam và 12 nữ. Số cách chọn hai bạn từ lớp học đó, trong đó có một nam và một nữ tham gia đội xung kích nhà trường là:
A. 30.
B. $C_{18}^1C_{12}^1$.
C. $C_{30}^2$.
D. 216.","Số cách chọn 1 nam từ 18 nam là C(18,1) = 18!/(17!*1!) = 18. Số cách chọn 1 nữ từ 12 nữ là C(12,1) = 12!/(11!*1!) = 12. Vậy số cách chọn là 18 * 12 = 206.",4,CAL,"Incorrect multiplication: 18 * 12 = 216, not 206.",true,Simple arithmetic error.
"Một lớp học có 18 nam và 12 nữ. Số cách chọn hai bạn từ lớp học đó, trong đó có một nam và một nữ tham gia đội xung kích nhà trường là:
A. 30.
B. $C_{18}^1C_{12}^1$.
C. $C_{30}^2$.
D. 216.","Số cách chọn 1 nam từ 18 nam là C(18,2) = 18*17/2 = 153. Số cách chọn 1 nữ từ 12 nữ là C(12,1) = 12. Vậy số cách chọn là 153 * 12 = 1836.",1,KNOW,"Incorrectly used C(18,2) instead of C(18,1) for choosing one boy.",true,Misunderstanding of combinations and the problem's requirement to choose only one boy.
"Tung một đồng xu ba lần liên tiếp. Xác suất của biến cố: ""Mặt sấp xuất hiện đúng 2 lần"" là:
A. $\frac{1}{8}$.
B. $\frac{1}{2}$.
C. $\frac{3}{8}$.
D. $\frac{1}{4}$.",Không gian mẫu có 2*3 = 6 phần tử. Biến cố A: 'Mặt sấp xuất hiện đúng 2 lần' có 3 kết quả thuận lợi. Vậy P(A) = 3/6 = 1/2.,1,CAL,"Incorrectly calculated the size of the sample space. It should be 2*2*2 = 8, not 2*3 = 6.",true,The initial calculation error propagates through the rest of the solution.
"Tung một đồng xu ba lần liên tiếp. Xác suất của biến cố: ""Mặt sấp xuất hiện đúng 2 lần"" là:
A. $\frac{1}{8}$.
B. $\frac{1}{2}$.
C. $\frac{3}{8}$.
D. $\frac{1}{4}$.",Không gian mẫu có 8 phần tử. Biến cố A: 'Mặt sấp xuất hiện đúng 2 lần' có 2 kết quả thuận lợi. Vậy P(A) = 2/8 = 1/4.,2,CAL,"Incorrectly counted the number of favorable outcomes. There are 3 outcomes with exactly two heads, not 2.",true,The student miscounted the favorable outcomes.
"Tung một đồng xu ba lần liên tiếp. Xác suất của biến cố: ""Mặt sấp xuất hiện đúng 2 lần"" là:
A. $\frac{1}{8}$.
B. $\frac{1}{2}$.
C. $\frac{3}{8}$.
D. $\frac{1}{4}$.","Không gian mẫu có 2*2*2 = 8 phần tử. Biến cố A: 'Mặt sấp xuất hiện đúng 2 lần' có các kết quả thuận lợi là: SSN, SNS, NSS, SNN, NNS, NSN. Vậy P(A) = 6/8 = 3/4.",2,CO,Incorrectly listed the favorable outcomes. Included outcomes with only one head.,true,The student incorrectly enumerated the outcomes with exactly two heads.
"Trong hộp có 8 bút xanh và 7 bút đỏ. Chọn ngẫu nhiên 3 chiếc bút. Số cách chọn được 2 chiếc bút xanh và 1 chiếc bút đỏ là:
A. 168.
B. 196.
C. 336.
D. 84.","Số cách chọn 2 bút xanh từ 8 bút là: C(8,2) = 8*7 = 56. Số cách chọn 1 bút đỏ từ 7 bút là: C(7,1) = 7. Vậy số cách chọn 2 xanh và 1 đỏ là: 56 * 7 = 392.",2,KNOW,"Incorrectly calculated C(8,2). Student confused combination with permutation or simply made a calculation error in the formula.",true,"The error in calculating C(8,2) propagates through the rest of the solution."
"Trong hộp có 8 bút xanh và 7 bút đỏ. Chọn ngẫu nhiên 3 chiếc bút. Số cách chọn được 2 chiếc bút xanh và 1 chiếc bút đỏ là:
A. 168.
B. 196.
C. 336.
D. 84.","Số cách chọn 2 bút xanh từ 8 bút là: C(8,2) = 28. Số cách chọn 1 bút đỏ từ 7 bút là: C(7,1) = 7. Vậy số cách chọn 2 xanh và 1 đỏ là: 196. Số cách chọn 3 bút bất kỳ là C(15,3) = 455.",4,MIS,"Calculated the total number of ways to choose 3 pens, which is irrelevant to the question asking for the number of ways to choose 2 blue and 1 red.",true,The student calculated something unrelated to the question.
"Trong hộp có 8 bút xanh và 7 bút đỏ. Chọn ngẫu nhiên 3 chiếc bút. Số cách chọn được 2 chiếc bút xanh và 1 chiếc bút đỏ là:
A. 168.
B. 196.
C. 336.
D. 84.","Số cách chọn 2 bút xanh từ 8 bút là: C(8,2) = 28. Số cách chọn 1 bút đỏ từ 7 bút là: C(7,1) = 7. Vậy số cách chọn 2 xanh và 1 đỏ là: 28 * 7 = 196. Số bút xanh còn lại là 6.",4,CV,"Calculated the number of remaining blue pens, which is irrelevant to the question.",true,The student introduced an irrelevant calculation.
"Trong hộp có 8 bút xanh và 7 bút đỏ. Chọn ngẫu nhiên 3 chiếc bút. Số cách chọn được 2 chiếc bút xanh và 1 chiếc bút đỏ là:
A. 168.
B. 196.
C. 336.
D. 84.","Số cách chọn 2 bút xanh từ 8 bút là: C(8,2) = 8*7. Số cách chọn 1 bút đỏ từ 7 bút là: C(7,1) = 7. Vậy số cách chọn 2 xanh và 1 đỏ là: (8*7) * 7 = 392.",1,FC,"Used permutation instead of combination for choosing 2 blue pens. The student confused C(n,k) with P(n,k).",true,The student applied the wrong formula for combinations.
"Gieo một đồng xu hai lần, không gian mẫu là:
A. {S, N}.
B. {SS, NN}.
C. {SS, SN, NS, NN}.
D. {S, N, SN}.","Gieo một đồng xu hai lần, kết quả mỗi lần có thể là S hoặc N. Vậy không gian mẫu là {S, N}.",2,KNOW,Incorrectly identifies the sample space. Fails to consider the possible outcomes of two coin flips.,true,Student doesn't understand that each flip is independent and needs to be accounted for in the sample space.
"Gieo một đồng xu hai lần, không gian mẫu là:
A. {S, N}.
B. {SS, NN}.
C. {SS, SN, NS, NN}.
D. {S, N, SN}.","Gieo một đồng xu hai lần. Lần 1 có 2 kết quả, lần 2 có 2 kết quả. Vậy không gian mẫu là {S, N}.",2,REAS,"Incorrectly concludes the sample space. While acknowledging two outcomes per flip, fails to combine them to represent all possible two-flip outcomes.",true,Student understands the individual probabilities but fails to apply the multiplication principle to find the total number of outcomes.
"Gieo một đồng xu hai lần, không gian mẫu là:
A. {S, N}.
B. {SS, NN}.
C. {SS, SN, NS, NN}.
D. {S, N, SN}.","Gieo một đồng xu hai lần. Không gian mẫu là {SS, NN}. Vậy đáp án là B.",1,MS,Missing the outcomes where the two flips are different (SN and NS).,true,Student only considers the cases where both flips are the same.
"Gieo một đồng xu hai lần, không gian mẫu là:
A. {S, N}.
B. {SS, NN}.
C. {SS, SN, NS, NN}.
D. {S, N, SN}.","Gieo một đồng xu hai lần. Không gian mẫu là {S, N}. Vì vậy, đáp án là A.",1,KNOW,Incorrectly identifies the sample space.  Fails to account for the two coin flips.,true,Student doesn't understand the concept of a sample space for multiple events.
"Gieo một đồng xu hai lần, không gian mẫu là:
A. {S, N}.
B. {SS, NN}.
C. {SS, SN, NS, NN}.
D. {S, N, SN}.","Gieo một đồng xu hai lần. Có 4 khả năng: S, N, SN, NN. Vậy không gian mẫu là {S, N, SN, NN}.",1,CO,"Incorrectly lists the possibilities. 'S' and 'N' are outcomes of a single flip, not two.",true,Student mixes up single and double flip outcomes.
"Gieo một đồng xu hai lần, không gian mẫu là:
A. {S, N}.
B. {SS, NN}.
C. {SS, SN, NS, NN}.
D. {S, N, SN}.","Gieo một đồng xu hai lần. Không gian mẫu là {SS, SN, NS, NN}. Đáp án là D.",2,CS,"The sample space is correct, but the answer choice D is incorrect. The correct answer is C.",true,Student correctly identifies the sample space but selects the wrong answer choice.
"Cho đường tròn (C) : $(x+2)^2 + (y-5)^2 = 36$. Tâm và bán kính của đường tròn là:
A. I(–2; 5), R = 6.
B. I(2; –5), R = 6.
C. I(–2; 5), R = 36.
D. I(2; 5), R = 36.",Đường tròn (C) có dạng (x+2)^2 + (y-5)^2 = 36. Vậy tâm I(-2; 5) và bán kính R = 6. Có 2 đáp án đúng là A và B.,2,CO,Incorrectly stated there are two correct answers. Only one answer is correct.,true,Counting error in identifying the number of correct options.
"Cho đường tròn (C) : $(x+2)^2 + (y-5)^2 = 36$. Tâm và bán kính của đường tròn là:
A. I(–2; 5), R = 6.
B. I(2; –5), R = 6.
C. I(–2; 5), R = 36.
D. I(2; 5), R = 36.","Đường tròn (C) có tâm I(-2; 5) và bán kính R = 6. Vì vậy, đáp án đúng là D.",2,REAS,"Incorrectly chose the answer. The correct answer is A, not D.",true,Incorrect conclusion despite correctly identifying the center and radius.
"Cho đường tròn (C) : $(x+2)^2 + (y-5)^2 = 36$. Tâm và bán kính của đường tròn là:
A. I(–2; 5), R = 6.
B. I(2; –5), R = 6.
C. I(–2; 5), R = 36.
D. I(2; 5), R = 36.","Cho đường tròn (C) : $(x+2)^2 + (y-5)^2 = 36$. Tâm và bán kính của đường tròn là: I(-2; 5), R = 6 cm.",1,UC,"Added a unit (cm) to the radius, which is not provided in the problem.",true,Unit conversion error - adding a unit where none was given.
"Một tổ có 12 học sinh. Số cách chọn ra 2 học sinh từ tổ đó để làm tổ trưởng và tổ phó là:
A. $A_{12}^2$.
B. $A_{12}^1$.
C. $C_{12}^2$.
D. $12^2$.","Chọn 2 học sinh từ 12 học sinh, không phân biệt thứ tự. Vậy số cách chọn là C(12,2) = 12! / (2! * 10!) = (12 * 11) / 2 = 66.",1,FC,Using combination (C) instead of permutation (A) because the positions (tổ trưởng and tổ phó) are distinct.,true,"The student correctly calculates the combination, but applies the wrong formula for the problem."
"Một tổ có 12 học sinh. Số cách chọn ra 2 học sinh từ tổ đó để làm tổ trưởng và tổ phó là:
A. $A_{12}^2$.
B. $A_{12}^1$.
C. $C_{12}^2$.
D. $12^2$.","Số cách chọn 2 học sinh từ 12 là C(12,2) = 12! / (2! * 10!) = (12 * 11) / 2 = 66. Vì có 2 vị trí nên nhân 2 lên, ta được 132.",2,REAS,"Incorrect reasoning: Multiplying the combination result by 2 is not a valid step. The positions are distinct, so a permutation is needed, not a combination multiplied by 2.",true,"The student attempts to correct a combination result by multiplying by 2, which is logically flawed."
"Gieo một con xúc sắc cân đối hai lần liên tiếp. Xác suất của biến cố: ""Số chấm xuất hiện ở hai lần gieo có tổng bằng 5"" bằng:
A. $\frac{1}{9}$.
B. $\frac{1}{36}$.
C. $\frac{5}{36}$.
D. $\frac{5}{6}$.","Các kết quả có thể xảy ra khi gieo xúc sắc hai lần là 6*6 = 36. Các kết quả có tổng bằng 5 là: (1,4), (2,3), (3,2), (4,1). Vậy xác suất là 4/36.",2,MS,"Missing step: The solution correctly identifies the total number of outcomes and favorable outcomes, but doesn't simplify the fraction 4/36.",true,The student stopped at 4/36 without simplifying.
"Gieo một con xúc sắc cân đối hai lần liên tiếp. Xác suất của biến cố: ""Số chấm xuất hiện ở hai lần gieo có tổng bằng 5"" bằng:
A. $\frac{1}{9}$.
B. $\frac{1}{36}$.
C. $\frac{5}{36}$.
D. $\frac{5}{6}$.","Tổng số kết quả khi gieo xúc sắc hai lần là 6+6 = 12. Các kết quả có tổng bằng 5 là: (1,4), (2,3), (3,2), (4,1). Vậy xác suất là 4/12 = 1/3.",1,CAL,Calculation error: Incorrectly calculated the total number of outcomes as 6+6=12 instead of 6*6=36.,true,The error in calculating the total outcomes propagates through the rest of the solution.
"Gieo một con xúc sắc cân đối hai lần liên tiếp. Xác suất của biến cố: ""Số chấm xuất hiện ở hai lần gieo có tổng bằng 5"" bằng:
A. $\frac{1}{9}$.
B. $\frac{1}{36}$.
C. $\frac{5}{36}$.
D. $\frac{5}{6}$.","Số chấm trên xúc sắc chỉ có thể là 1, 2, 3, 4, 5, 6. Để tổng bằng 5, ta có thể có (1,4) hoặc (2,3). Vậy xác suất là 2/6 = 1/3.",2,MIS,"Misinterpretation of the question: The student calculates the probability of getting a sum of 5 on a *single* die, not the sum of two dice.",true,The student misunderstood the problem and calculated the probability for a single die.
"Phương trình tiếp tuyến của đường tròn (C) : $x^2 + y^2 = 9$ tại điểm M(0; –3) là:
A. x + 3 = 0.
B. y - 3 = 0.
C. y + 3 = 0.
D. y + 3 = 0.",Đường tròn (C): x^2 + y^2 = 9. M(0; -3). Phương trình tiếp tuyến có dạng x*0 + y*(-3) = 9 => -3y = 9 => y = 3. Vậy phương trình tiếp tuyến là y - 3 = 0.,2,CAL,"Made a sign error when solving for y: -3y = 9 => y = -3, but the solution states y = 3.",true,Simple arithmetic error in solving the equation.
"Phương trình tiếp tuyến của đường tròn (C) : $x^2 + y^2 = 9$ tại điểm M(0; –3) là:
A. x + 3 = 0.
B. y - 3 = 0.
C. y + 3 = 0.
D. y + 3 = 0.",Đường tròn (C): x^2 + y^2 = 9. M(0; -3). Hệ số góc của OM là vô cùng lớn (đường thẳng x = 0). Vậy phương trình tiếp tuyến là x = 0.,2,REAS,"Incorrectly concluded that the tangent line is x = 0. While the radius OM is vertical, the tangent is horizontal at M.",true,Misinterpreted the slope of the radius and its relationship to the tangent line.
"Phương trình tiếp tuyến của đường tròn (C) : $x^2 + y^2 = 9$ tại điểm M(0; –3) là:
A. x + 3 = 0.
B. y - 3 = 0.
C. y + 3 = 0.
D. y + 3 = 0.","Đường tròn (C): x^2 + y^2 = 9. M(0; -3). Có 2 tiếp tuyến tại M. Một là y = -3, hai là x = 0.",2,CO,Incorrectly stated that there are two tangent lines at a point on a circle. There is only one tangent line at a given point on a circle.,true,The student miscounted the number of tangent lines at a point.
"Trên giá sách có 11 cuốn tiểu thuyết, 9 quyển truyện ngắn và 2 cuốn hồi kí. Một bạn chọn ra 3 quyển để đọc.
a) Xác suất của biến cố ""Ba quyển được chọn đều là tiểu thuyết"" bằng $\frac{3}{28}$.
b) Xác suất của biến cố: ""Ba quyển được chọn thuộc ba thể loại khác nhau"" bằng $\frac{9}{70}$.
c) Xác suất của biến cố: ""Ba quyển được chọn thuộc cùng một thể loại"" bằng $\frac{249}{1540}$.
d) Xác suất của biến cố: ""Ít nhất một quyển truyện ngắn được chọn"" bằng $\frac{20}{77}$.","a) Số cách chọn 3 cuốn tiểu thuyết từ 11 cuốn là: C(11,3) = 11*10*9 / (3*2*1) = 165. Tổng số cách chọn 3 cuốn sách từ 22 cuốn là: C(22,3) = 22*21*20 / (3*2*1) = 1540. Xác suất là 165/1540 = 33/308.",2,CAL,"Incorrect simplification of the fraction 165/1540. The correct simplification is 3/28, but the student got 33/308.",true,Simple arithmetic error in simplifying the fraction.
"Trên giá sách có 11 cuốn tiểu thuyết, 9 quyển truyện ngắn và 2 cuốn hồi kí. Một bạn chọn ra 3 quyển để đọc.
a) Xác suất của biến cố ""Ba quyển được chọn đều là tiểu thuyết"" bằng $\frac{3}{28}$.
b) Xác suất của biến cố: ""Ba quyển được chọn thuộc ba thể loại khác nhau"" bằng $\frac{9}{70}$.
c) Xác suất của biến cố: ""Ba quyển được chọn thuộc cùng một thể loại"" bằng $\frac{249}{1540}$.
d) Xác suất của biến cố: ""Ít nhất một quyển truyện ngắn được chọn"" bằng $\frac{20}{77}$.","c) Số cách chọn 3 cuốn tiểu thuyết là C(11,3) = 165. Số cách chọn 3 cuốn truyện ngắn là C(9,3) = 84. Số cách chọn 3 cuốn hồi kí là C(2,3) = 0. Tổng số cách chọn là 165 + 84 + 0 = 249. Xác suất là 249/22 = 249/1540.",4,CAL,"Incorrect total number of ways to choose 3 books. It should be C(22,3) = 1540, not 22.",true,Error in calculating the denominator of the probability.
"Trên giá sách có 11 cuốn tiểu thuyết, 9 quyển truyện ngắn và 2 cuốn hồi kí. Một bạn chọn ra 3 quyển để đọc.
a) Xác suất của biến cố ""Ba quyển được chọn đều là tiểu thuyết"" bằng $\frac{3}{28}$.
b) Xác suất của biến cố: ""Ba quyển được chọn thuộc ba thể loại khác nhau"" bằng $\frac{9}{70}$.
c) Xác suất của biến cố: ""Ba quyển được chọn thuộc cùng một thể loại"" bằng $\frac{249}{1540}$.
d) Xác suất của biến cố: ""Ít nhất một quyển truyện ngắn được chọn"" bằng $\frac{20}{77}$.","a) Có 11 cuốn tiểu thuyết, 9 truyện ngắn và 3 cuốn hồi kí. Số cách chọn 3 cuốn tiểu thuyết là C(11,3) = 165. Tổng số cách chọn là C(23,3) = 1771. Xác suất là 165/1771.",1,CV,"Incorrect number of hồi kí books. The problem states 2, but the student uses 3.",true,Incorrect initial value leads to a wrong solution.
"Trên giá sách có 11 cuốn tiểu thuyết, 9 quyển truyện ngắn và 2 cuốn hồi kí. Một bạn chọn ra 3 quyển để đọc.
a) Xác suất của biến cố ""Ba quyển được chọn đều là tiểu thuyết"" bằng $\frac{3}{28}$.
b) Xác suất của biến cố: ""Ba quyển được chọn thuộc ba thể loại khác nhau"" bằng $\frac{9}{70}$.
c) Xác suất của biến cố: ""Ba quyển được chọn thuộc cùng một thể loại"" bằng $\frac{249}{1540}$.
d) Xác suất của biến cố: ""Ít nhất một quyển truyện ngắn được chọn"" bằng $\frac{20}{77}$.","b) Để chọn 3 quyển thuộc ba thể loại khác nhau, ta cần chọn 1 tiểu thuyết, 1 truyện ngắn và 1 hồi kí. Số cách chọn là 11 + 9 + 2 = 22. Tổng số cách chọn 3 cuốn là C(22,3) = 1540. Xác suất là 22/1540 = 1/70.",1,REAS,Incorrectly added the number of books in each genre instead of multiplying to find the number of ways to choose one from each.,true,Logical error in applying the multiplication principle.
"Trên giá sách có 11 cuốn tiểu thuyết, 9 quyển truyện ngắn và 2 cuốn hồi kí. Một bạn chọn ra 3 quyển để đọc.
a) Xác suất của biến cố ""Ba quyển được chọn đều là tiểu thuyết"" bằng $\frac{3}{28}$.
b) Xác suất của biến cố: ""Ba quyển được chọn thuộc ba thể loại khác nhau"" bằng $\frac{9}{70}$.
c) Xác suất của biến cố: ""Ba quyển được chọn thuộc cùng một thể loại"" bằng $\frac{249}{1540}$.
d) Xác suất của biến cố: ""Ít nhất một quyển truyện ngắn được chọn"" bằng $\frac{20}{77}$.","c) Số cách chọn 3 cuốn cùng một thể loại là C(11,3) + C(9,3) + C(2,3) = 165 + 84 + 1 = 250. Tổng số cách chọn 3 cuốn là C(22,3) = 1540. Xác suất là 250/1540 = 25/154.",2,CAL,"Incorrect calculation of C(2,3). C(2,3) = 0, not 1.",true,Arithmetic error in calculating combinations.
"Trên giá sách có 11 cuốn tiểu thuyết, 9 quyển truyện ngắn và 2 cuốn hồi kí. Một bạn chọn ra 3 quyển để đọc.
a) Xác suất của biến cố ""Ba quyển được chọn đều là tiểu thuyết"" bằng $\frac{3}{28}$.
b) Xác suất của biến cố: ""Ba quyển được chọn thuộc ba thể loại khác nhau"" bằng $\frac{9}{70}$.
c) Xác suất của biến cố: ""Ba quyển được chọn thuộc cùng một thể loại"" bằng $\frac{249}{1540}$.
d) Xác suất của biến cố: ""Ít nhất một quyển truyện ngắn được chọn"" bằng $\frac{20}{77}$.","b) Có 11 tiểu thuyết, 9 truyện ngắn và 2 hồi kí. Để chọn 3 quyển thuộc ba thể loại khác nhau, ta chọn 1 cuốn từ mỗi loại. Vậy có 11*9*2 = 198 cách. Có tổng cộng 22 cuốn sách, vậy có 22*21*20 = 9240 cách chọn 3 cuốn. Xác suất là 198/9240.",2,CAL,"Incorrect calculation of the total number of ways to choose 3 books. It should be C(22,3) = 1540, not 22*21*20.",true,Incorrect calculation of the denominator.
"Trong mặt phẳng Oxy, cho hai điểm A(3; –3); B(–1; –5), đường thẳng d : 4x – 3y – 2 = 0 và đường thẳng Δ : 2x + 3y + 12 = 0.
a) Đường thẳng đi qua điểm A và vuông góc với đường thẳng d có phương trình 4x + 3y – 3 = 0.
b) Đường tròn đường kính AB có phương trình $(x-1)^2 + (y+4)^2 = 5$.
c) Đường tròn tâm B tiếp xúc với đường thẳng d có phương trình $(x+1)^2 + (y+5)^2 = \frac{81}{25}$.
d) Có 2 phương trình tiếp tuyến của đường tròn đường kính AB song song với đường thẳng Δ.",d) Đường tròn (x-1)^2 + (y+4)^2 = 5 có tâm I(1; -4) và bán kính R = sqrt(5). Đường thẳng Δ: 2x + 3y + 12 = 0. Khoảng cách từ I đến Δ là d = |2(1) + 3(-4) + 12|/sqrt(2^2 + 3^2) = |2 - 12 + 12|/sqrt(13) = 2/sqrt(13) < sqrt(5). Vậy có 4 tiếp tuyến song song với Δ.,4,CO,"Incorrectly determined the number of tangents. The distance from the center to the line is less than the radius, indicating 2 tangents, not 4.",true,Counting error based on misinterpreting the relationship between distance and radius.
"Trong mặt phẳng Oxy, cho hai điểm A(3; –3); B(–1; –5), đường thẳng d : 4x – 3y – 2 = 0 và đường thẳng Δ : 2x + 3y + 12 = 0.
a) Đường thẳng đi qua điểm A và vuông góc với đường thẳng d có phương trình 4x + 3y – 3 = 0.
b) Đường tròn đường kính AB có phương trình $(x-1)^2 + (y+4)^2 = 5$.
c) Đường tròn tâm B tiếp xúc với đường thẳng d có phương trình $(x+1)^2 + (y+5)^2 = \frac{81}{25}$.
d) Có 2 phương trình tiếp tuyến của đường tròn đường kính AB song song với đường thẳng Δ.",a) Đường thẳng đi qua A(3; -3) và vuông góc với d: 4x - 3y - 2 = 0 có phương trình 3x - 4y + c = 0. Thay A vào: 3(3) - 4(-3) + c = 0 => 9 + 12 + c = 0 => c = -21. Vậy phương trình là 3x - 4y - 21 = 0.,1,FC,"Used the wrong form for the perpendicular line. Should be 3x + 4y + c = 0, not 3x - 4y + c = 0.",true,Formula confusion regarding the slope-intercept form of a perpendicular line.
"Trong mặt phẳng Oxy, cho hai điểm A(3; –3); B(–1; –5), đường thẳng d : 4x – 3y – 2 = 0 và đường thẳng Δ : 2x + 3y + 12 = 0.
a) Đường thẳng đi qua điểm A và vuông góc với đường thẳng d có phương trình 4x + 3y – 3 = 0.
b) Đường tròn đường kính AB có phương trình $(x-1)^2 + (y+4)^2 = 5$.
c) Đường tròn tâm B tiếp xúc với đường thẳng d có phương trình $(x+1)^2 + (y+5)^2 = \frac{81}{25}$.
d) Có 2 phương trình tiếp tuyến của đường tròn đường kính AB song song với đường thẳng Δ.",c) Đường thẳng d: 4x - 3y - 2 = 0. B(-1; -5). Bán kính R = |4(-1) - 3(-5) - 2|/sqrt(4^2 + (-3)^2) = | -4 + 15 - 2|/5 = 9/5. Phương trình đường tròn: (x-1)^2 + (y+5)^2 = (9/5)^2 = 81/25.,1,CV,"Used the wrong center for the circle. The problem states the circle is centered at B(-1, -5), but the equation uses (x-1)^2.",true,Context value error - using the wrong center for the circle.
"Trên mặt phẳng Oxy, ta xét một hình chữ nhật ABCD với các điểm A(–3; 0); B(–3; 2); C(2; 0) và D(2; 2). Một con châu chấu nhảy trong hình chữ nhật đó tính cả trên cạnh hình chữ nhật sao cho chân nó luôn đáp xuống mặt phẳng tại các điểm có tọa độ nguyên (tức là điểm có cả hoành độ và tung độ đều nguyên). Tính xác suất để nó đáp xuống các điểm M(x; y) sao cho x + y ≤ 1 (Làm tròn kết quả đến hàng phần trăm).","Số điểm có tọa độ nguyên trong hình chữ nhật là (2 - (-3) + 1) * (2 - 0 + 1) = 6 * 3 = 18. Các điểm thỏa mãn x + y ≤ 1 là: (-3, 4), (-3, 3), (-3, 2), (-3, 1), (-3, 0), (-2, 3), (-2, 2), (-2, 1), (-2, 0), (-1, 2), (-1, 1), (-1, 0), (0, 1), (0, 0). Có 14 điểm. Xác suất là 14/18 = 0.78.",2,CO,Incorrectly counted the number of points satisfying x + y <= 1. Several points were included that do not lie within the rectangle or satisfy the inequality.,true,The counting error leads to an incorrect numerator in the probability calculation.
"Trên mặt phẳng Oxy, ta xét một hình chữ nhật ABCD với các điểm A(–3; 0); B(–3; 2); C(2; 0) và D(2; 2). Một con châu chấu nhảy trong hình chữ nhật đó tính cả trên cạnh hình chữ nhật sao cho chân nó luôn đáp xuống mặt phẳng tại các điểm có tọa độ nguyên (tức là điểm có cả hoành độ và tung độ đều nguyên). Tính xác suất để nó đáp xuống các điểm M(x; y) sao cho x + y ≤ 1 (Làm tròn kết quả đến hàng phần trăm).","Hình chữ nhật ABCD có chiều dài 5 và chiều rộng 2. Vậy số điểm có tọa độ nguyên là 5 * 2 = 10. Các điểm thỏa mãn x + y ≤ 1 là (-3, 4), (-3, 3), (-3, 2), (-3, 1), (-3, 0), (-2, 3), (-2, 2), (-2, 1), (-2, 0), (-1, 2), (-1, 1), (-1, 0), (0, 1), (0, 0). Có 14 điểm. Xác suất là 14/10 = 1.4.",1,CAL,"Incorrectly calculated the total number of integer coordinate points. Should be (5+1)*(2+1) = 18, not 5*2 = 10.",true,The initial calculation error propagates through the rest of the solution.
"Trên mặt phẳng Oxy, ta xét một hình chữ nhật ABCD với các điểm A(–3; 0); B(–3; 2); C(2; 0) và D(2; 2). Một con châu chấu nhảy trong hình chữ nhật đó tính cả trên cạnh hình chữ nhật sao cho chân nó luôn đáp xuống mặt phẳng tại các điểm có tọa độ nguyên (tức là điểm có cả hoành độ và tung độ đều nguyên). Tính xác suất để nó đáp xuống các điểm M(x; y) sao cho x + y ≤ 1 (Làm tròn kết quả đến hàng phần trăm).","Số điểm có tọa độ nguyên trong hình chữ nhật là (2 - (-3) + 1) * (2 - 0 + 1) = 6 * 3 = 18. Các điểm thỏa mãn x + y ≤ 1 là: (-3, 0), (-2, 0), (-1, 0), (0, 0), (-3, 1), (-2, 1), (-1, 1), (0, 1). Có 8 điểm. Xác suất là 8/18 = 0.44.",2,CO,Missed several points satisfying x + y <= 1 within the rectangle.,true,The incorrect counting of points leads to an incorrect probability.
"Trên mặt phẳng Oxy, ta xét một hình chữ nhật ABCD với các điểm A(–3; 0); B(–3; 2); C(2; 0) và D(2; 2). Một con châu chấu nhảy trong hình chữ nhật đó tính cả trên cạnh hình chữ nhật sao cho chân nó luôn đáp xuống mặt phẳng tại các điểm có tọa độ nguyên (tức là điểm có cả hoành độ và tung độ đều nguyên). Tính xác suất để nó đáp xuống các điểm M(x; y) sao cho x + y ≤ 1 (Làm tròn kết quả đến hàng phần trăm).","Diện tích hình chữ nhật là (2 - (-3)) * (2 - 0) = 5 * 2 = 10. Diện tích phần thỏa mãn x + y ≤ 1 là diện tích tam giác với các đỉnh (-3, 0), (0, 1), (-3, 1) là 0.5 * 3 * 1 = 1.5. Xác suất là 1.5 / 10 = 0.15.",1,FC,"Incorrectly applied area concepts to calculate probability. Probability should be calculated based on the number of points, not areas.",true,Using area to calculate probability is fundamentally incorrect in this discrete problem.
"Trên mặt phẳng Oxy, ta xét một hình chữ nhật ABCD với các điểm A(–3; 0); B(–3; 2); C(2; 0) và D(2; 2). Một con châu chấu nhảy trong hình chữ nhật đó tính cả trên cạnh hình chữ nhật sao cho chân nó luôn đáp xuống mặt phẳng tại các điểm có tọa độ nguyên (tức là điểm có cả hoành độ và tung độ đều nguyên). Tính xác suất để nó đáp xuống các điểm M(x; y) sao cho x + y ≤ 1 (Làm tròn kết quả đến hàng phần trăm).","Hình chữ nhật ABCD có chiều dài 5 và chiều rộng 2. Vậy số điểm có tọa độ nguyên là 5 * 2 = 10. Các điểm thỏa mãn x + y ≤ 1 là: (-3, 0), (-2, 0), (-1, 0), (0, 0). Có 4 điểm. Xác suất là 4/10 = 0.4.",1,CAL,"Incorrectly calculated the total number of integer coordinate points. Should be (5+1)*(2+1) = 18, not 5*2 = 10.",true,The initial calculation error propagates through the rest of the solution.
Cho đường tròn (C) : $(x-a)^2 + (y-b)^2 = 25$ tiếp xúc với đường thẳng Δ : 3x + 4y + 1 = 0 tại A(1; –1). Tính $\frac{b}{a}$ biết rằng giá trị của a < 0.,"Gọi tâm I(a;b). Vì (C) tiếp xúc Δ tại A(1;-1) nên IA vuông góc Δ. Phương trình đường thẳng Δ có dạng 3x + 4y + 1 = 0, vector pháp tuyến là n = (3;4). Đường thẳng IA có vector chỉ phương là n = (3;4) nên phương trình IA là: x = 1 + 3t, y = -1 + 4t. Thay vào phương trình đường tròn: (1+3t-a)^2 + (-1+4t-b)^2 = 25. Vì A thuộc (C) nên (1-a)^2 + (-1-b)^2 = 25. IA = 5. IA^2 = (1+3t-a-1)^2 + (-1+4t-b+1)^2 = (3t-a)^2 + (4t-b)^2 = 25.  Từ phương trình đường thẳng IA, ta có 3t = a-1 và 4t = b+1. Suy ra t = (a-1)/3 = (b+1)/4. Vậy 4(a-1) = 3(b+1) => 4a - 4 = 3b + 3 => 4a - 3b = 7.  (1-a)^2 + (-1-b)^2 = 25 => 1 - 2a + a^2 + 1 + 2b + b^2 = 25 => a^2 + b^2 - 2a + 2b - 23 = 0. Giải hệ phương trình: 4a - 3b = 7 và a^2 + b^2 - 2a + 2b - 23 = 0.  Từ 4a - 3b = 7 => b = (4a-7)/3. Thay vào phương trình thứ hai: a^2 + ((4a-7)/3)^2 - 2a + 2(4a-7)/3 - 23 = 0.  a^2 + (16a^2 - 56a + 49)/9 - 2a + (8a-14)/3 - 23 = 0.  9a^2 + 16a^2 - 56a + 49 - 18a + 24a - 42 - 207 = 0.  25a^2 - 50a - 200 = 0 => a^2 - 2a + 8 = 0.  Delta = 4 - 32 = -28 < 0. Vậy phương trình vô nghiệm.",17,CAL,"Incorrect sign in the quadratic equation. It should be a^2 - 2a - 8 = 0, not a^2 - 2a + 8 = 0.",true,The sign error in step 17 leads to an incorrect discriminant and the conclusion that the equation has no solution.
Cho đường tròn (C) : $(x-a)^2 + (y-b)^2 = 25$ tiếp xúc với đường thẳng Δ : 3x + 4y + 1 = 0 tại A(1; –1). Tính $\frac{b}{a}$ biết rằng giá trị của a < 0.,"Gọi tâm I(a;b). Vì (C) tiếp xúc Δ tại A(1;-1) nên IA vuông góc Δ. Phương trình đường thẳng Δ có dạng 3x + 4y + 1 = 0, vector pháp tuyến là n = (3;4). Đường thẳng IA có vector chỉ phương là n = (4;3) nên phương trình IA là: x = 1 + 4t, y = -1 + 3t. Thay vào phương trình đường tròn: (1+4t-a)^2 + (-1+3t-b)^2 = 25. Vì A thuộc (C) nên (1-a)^2 + (-1-b)^2 = 25. IA = 5. IA^2 = (1+4t-a-1)^2 + (-1+3t-b+1)^2 = (4t-a)^2 + (3t-b)^2 = 25.  Từ phương trình đường thẳng IA, ta có 4t = a-1 và 3t = b+1. Suy ra t = (a-1)/4 = (b+1)/3. Vậy 3(a-1) = 4(b+1) => 3a - 3 = 4b + 4 => 3a - 4b = 7.  (1-a)^2 + (-1-b)^2 = 25 => 1 - 2a + a^2 + 1 + 2b + b^2 = 25 => a^2 + b^2 - 2a + 2b - 23 = 0. Giải hệ phương trình: 3a - 4b = 7 và a^2 + b^2 - 2a + 2b - 23 = 0.",5,OP,"Incorrectly assigned the vector direction for line IA. It should be (3;4), but it's written as (4;3).",true,The operator error in step 5 leads to an incorrect equation for line IA and subsequently affects the rest of the solution.
"Cho tứ giác ABCD . Trên mỗi cạnh AB, BC, CD, DA lấy 7 điểm phân biệt và không có điểm nào trùng với 4 đỉnh A, B, C, D . Hỏi từ 32 điểm đã cho lập được bao nhiêu tam giác","Có 32 điểm tất cả. Số tam giác có thể lập được là C(32,3) = 32*31*30/6 = 4960. Vì các điểm nằm trên cạnh nên không thể tạo thành tam giác. Vậy số tam giác là 0.",2,REAS,Incorrectly concluded that points on the sides cannot form triangles. Points on different sides can form triangles.,true,"The reasoning is flawed, leading to an incorrect conclusion."
"Cho tứ giác ABCD . Trên mỗi cạnh AB, BC, CD, DA lấy 7 điểm phân biệt và không có điểm nào trùng với 4 đỉnh A, B, C, D . Hỏi từ 32 điểm đã cho lập được bao nhiêu tam giác","Số điểm trên mỗi cạnh là 7. Tổng số điểm là 32. Số tam giác có thể lập được từ 32 điểm là C(32,3) = 32*31*30/3 = 32*31*10 = 9920.",2,OP,"Incorrectly calculated the combination formula. The denominator should be 6 (3!), not 3.",true,The operator error in the combination calculation leads to a wrong result.
"Cho tứ giác ABCD . Trên mỗi cạnh AB, BC, CD, DA lấy 7 điểm phân biệt và không có điểm nào trùng với 4 đỉnh A, B, C, D . Hỏi từ 32 điểm đã cho lập được bao nhiêu tam giác","Có 4 cạnh, mỗi cạnh có 7 điểm. Vậy có 4*7 = 28 điểm. Số tam giác tạo thành từ 28 điểm là C(28,3) = 28*27*26/6 = 3276.",1,CO,Forgot to include the 4 vertices of the quadrilateral when counting the total number of points.,true,The error in counting the total number of points propagates through the rest of the solution.
"Cho tứ giác ABCD . Trên mỗi cạnh AB, BC, CD, DA lấy 7 điểm phân biệt và không có điểm nào trùng với 4 đỉnh A, B, C, D . Hỏi từ 32 điểm đã cho lập được bao nhiêu tam giác","Tổng số điểm là 32. Số tam giác có thể lập được là C(32,3) = 32*31*30/6 = 4960. Số tam giác có 3 đỉnh trên cùng 1 cạnh là 4*C(7,3) = 4*35 = 140. Vậy số tam giác là 4960 + 140 = 5100.",3,OP,"Incorrectly added the number of triangles with 3 points on the same side. It should be subtracted, not added.",true,The incorrect operation leads to a wrong final answer.
"Cho tứ giác ABCD . Trên mỗi cạnh AB, BC, CD, DA lấy 7 điểm phân biệt và không có điểm nào trùng với 4 đỉnh A, B, C, D . Hỏi từ 32 điểm đã cho lập được bao nhiêu tam giác","Có 32 điểm. Số tam giác là C(32,3) = 32*31*30/6 = 4960. Các tam giác có 3 điểm cùng nằm trên 1 cạnh không hợp lệ. Số tam giác không hợp lệ là 4*C(7,2) = 4*21 = 84. Vậy số tam giác là 4960 - 84 = 4876.",2,FC,"Used C(7,2) instead of C(7,3) to calculate the number of invalid triangles. We need to choose 3 points on a side, not 2.",true,The formula confusion leads to an incorrect calculation of invalid triangles.
"Cho tứ giác ABCD . Trên mỗi cạnh AB, BC, CD, DA lấy 7 điểm phân biệt và không có điểm nào trùng với 4 đỉnh A, B, C, D . Hỏi từ 32 điểm đã cho lập được bao nhiêu tam giác","Có 32 điểm. Số tam giác là C(32,3) = 32*31*30/6 = 4960. Số tam giác có 3 điểm cùng nằm trên 1 cạnh là 4*C(7,3) = 4*35 = 140. Vậy số tam giác là 4960 - 140 = 4820.",2,MS,"The solution only considers the case where all three points lie on the same side. It misses other invalid cases, such as three collinear points not on the same side.",true,The solution is incomplete and doesn't account for all invalid cases.
"Gọi S là tập hợp các số tự nhiên có ba chữ số đôi một khác nhau được lập thành từ các chữ số 1, 2, 3, 4, 5, 6. Chọn ngẫu nhiên một số từ S, tính xác suất để số được chọn là một số chia hết cho 5.","Số các số có 3 chữ số khác nhau từ 1,2,3,4,5,6 là: 6*6*6 = 216. Số chia hết cho 5 có tận cùng là 5. Vậy có 6*6 = 36 số chia hết cho 5. Xác suất là 36/216 = 1/6.",1,CAL,"Incorrectly calculated the total number of 3-digit numbers. Should be permutations, not repetitions.",true,The error in the first step propagates through the rest of the solution.
"Gọi S là tập hợp các số tự nhiên có ba chữ số đôi một khác nhau được lập thành từ các chữ số 1, 2, 3, 4, 5, 6. Chọn ngẫu nhiên một số từ S, tính xác suất để số được chọn là một số chia hết cho 5.","Số các số có 3 chữ số khác nhau từ 1,2,3,4,5,6 là: 6*5*4 = 120. Số chia hết cho 5 có tận cùng là 0 hoặc 5. Vậy có 5*4 = 20 số chia hết cho 5. Xác suất là 20/120 = 1/6.",2,MIS,"The problem specifies digits 1-6, so 0 is not a valid digit.",true,Misinterpreting the available digits.
Cho parabol (P) : $y^2 = 4x$ và hai điểm A(0; –4); B(–6; 4). C là điểm trên (P) sao cho tam giác ABC có diện tích bé nhất. Tìm tọa độ điểm C.,Gọi C(x0; y0) với y0^2 = 4x0. Diện tích tam giác ABC là S = 1/2 |(xA(yB - yC) + xB(yC - yA) + xC(yA - yB))|. Thay số: S = 1/2 |(0(4 - y0) + (-6)(y0 - (-4)) + x0(-4 - 4))| = 1/2 |(-6y0 - 24 - 8x0)| = 1/2 |6y0 + 8x0 + 24|. Để S min thì 6y0 + 8x0 + 24 = 0 => 3y0 + 4x0 + 12 = 0. Thay y0^2 = 4x0 vào: 3y0 + y0^2 + 12 = 0 => y0^2 + 3y0 + 12 = 0. Delta = 9 - 48 = -39 < 0. Vậy không có điểm C thỏa mãn.,3,CAL,Incorrect sign in the area formula. Should be S = 1/2 |(xA(yB - yC) + xB(yC - yA) + xC(yA - yB))| = 1/2 |(0(4 - y0) + (-6)(y0 + 4) + x0(-4 - 4))| = 1/2 |(-6y0 - 24 - 8x0)| = 1/2 |6y0 + 8x0 + 24| should be 1/2 |6y0 + 8x0 + 24|.,true,The sign error in the area calculation leads to an incorrect quadratic equation and ultimately no solution.
Cho parabol (P) : $y^2 = 4x$ và hai điểm A(0; –4); B(–6; 4). C là điểm trên (P) sao cho tam giác ABC có diện tích bé nhất. Tìm tọa độ điểm C.,"Gọi C(x0; y0) với y0^2 = 4x0. Diện tích tam giác ABC là S = 1/2 * AB * h, với h là khoảng cách từ C đến AB. Phương trình AB: (x-0)/(–6-0) = (y+4)/(4+4) => x/–6 = (y+4)/8 => 8x = -6y - 24 => 4x + 3y + 12 = 0. h = |4x0 + 3y0 + 12|/sqrt(4^2 + 3^2) = |4x0 + 3y0 + 12|/5. S min khi h min => |y0^2 + 3y0 + 12| min. Vì y0^2 + 3y0 + 12 luôn dương nên min khi y0^2 + 3y0 + 12 = 0. Delta = 9 - 48 = -39 < 0. Vậy không có điểm C thỏa mãn.",7,REAS,Incorrectly assumes that the minimum of the absolute value occurs when the expression inside is zero. The minimum absolute value can occur at the vertex of the parabola or at the endpoints of the domain.,true,The reasoning error leads to an incorrect conclusion about minimizing the height.
Cho parabol (P) : $y^2 = 4x$ và hai điểm A(0; –4); B(–6; 4). C là điểm trên (P) sao cho tam giác ABC có diện tích bé nhất. Tìm tọa độ điểm C.,"Gọi C(x0; y0) với y0^2 = 4x0. Diện tích tam giác ABC là S = 1/2 |det([[0, -4, 1], [-6, 4, 1], [x0, y0, 1]])| = 1/2 |0(4-y0) + 4(x0+6) + 1(-6y0-4x0)| = 1/2 |4x0 + 24 - 6y0 - 4x0| = 1/2 |24 - 6y0|. S min khi |24 - 6y0| min => 24 - 6y0 = 0 => y0 = 4. x0 = y0^2/4 = 16/4 = 4. Vậy C(4; 4).",5,CAL,Incorrect simplification of the determinant. Should be 1/2 |0(4-y0) + 4(x0+6) + 1(-6y0-4x0)| = 1/2 |4x0 + 24 - 6y0 - 4x0| = 1/2 |-6y0 + 24|.,true,The calculation error in the determinant leads to an incorrect value for y0 and x0.
Cho parabol (P) : $y^2 = 4x$ và hai điểm A(0; –4); B(–6; 4). C là điểm trên (P) sao cho tam giác ABC có diện tích bé nhất. Tìm tọa độ điểm C.,Gọi C(x0; y0) với y0^2 = 4x0. Diện tích tam giác ABC là S = 1/2 * AB * h. AB = sqrt((-6-0)^2 + (4-(-4))^2) = sqrt(36 + 64) = sqrt(100) = 10. Phương trình AB: (x-0)/(–6-0) = (y+4)/(4+4) => x/–6 = (y+4)/8 => 8x = -6y - 24 => 4x + 3y + 12 = 0. h = |4x0 + 3y0 + 12|/sqrt(4^2 + 3^2) = |4x0 + 3y0 + 12|/5. S min khi h min => 4x0 + 3y0 + 12 = 0. Thay x0 = y0^2/4: y0^2/4 * 4 + 3y0 + 12 = 0 => y0^2 + 3y0 + 12 = 0. Delta = 9 - 48 = -39 < 0. Vậy không có điểm C thỏa mãn.,9,MS,"The student correctly sets up the equation for minimizing h, but doesn't consider that the minimum height can also occur when the expression inside the absolute value is negative.",true,Missing the consideration of the absolute value when minimizing the height.
Cho parabol (P) : $y^2 = 4x$ và hai điểm A(0; –4); B(–6; 4). C là điểm trên (P) sao cho tam giác ABC có diện tích bé nhất. Tìm tọa độ điểm C.,"Gọi C(x0; y0) với y0^2 = 4x0. Diện tích tam giác ABC là S = 1/2 |(xA(yB - yC) + xB(yC - yA) + xC(yA - yB))|. Thay số: S = 1/2 |(0(4 - y0) + (-6)(y0 - (-4)) + x0(-4 - 4))| = 1/2 |(-6y0 - 24 - 8x0)|. Để S min thì y0 = 0, x0 = 0. Vậy C(0; 0).",4,REAS,Incorrectly assumes that S is minimized when y0 = 0 and x0 = 0. This is a guess and not based on any valid reasoning.,true,The student makes an arbitrary assumption without any justification.
Cho parabol (P) : $y^2 = 4x$ và hai điểm A(0; –4); B(–6; 4). C là điểm trên (P) sao cho tam giác ABC có diện tích bé nhất. Tìm tọa độ điểm C.,Gọi C(x0; y0) với y0^2 = 4x0. Diện tích tam giác ABC là S = 1/2 * AB * h. AB = sqrt((-6-0)^2 + (4-(-4))^2) = sqrt(36 + 64) = sqrt(100) = 10. Phương trình AB: (x-0)/(–6-0) = (y+4)/(4+4) => x/–6 = (y+4)/8 => 8x = -6y - 24 => 4x + 3y + 12 = 0. h = |4x0 + 3y0 + 12|/sqrt(4^2 + 3^2) = |4x0 + 3y0 + 12|/5. S min khi h = 0 => 4x0 + 3y0 + 12 = 0. Thay x0 = y0^2/4: y0^2 + 3y0 + 12 = 0. Delta = 9 - 48 = -39 < 0. Vậy không có điểm C thỏa mãn.,8,KNOW,Incorrectly equates minimizing S with setting h = 0. Minimizing the area doesn't necessarily mean the height is zero; it means the height is at its minimum positive value.,true,The student demonstrates a misunderstanding of how to minimize the area of the triangle.
"Trong mặt phẳng Oxyz, phương trình nào sau đây là phương trình đường tròn?
A. $x^2 + y^2 - 6x - 8y + 25 = 0$.
B. $x^2 + 2y^2 - 4x + 3y - 7 = 0$.
C. $x^2 + y^2 + 4x - 12y - 13 = 0$.
D. $x^2 - y^2 + 3x - 5y + 8 = 0$.","Phương trình đường tròn có dạng x^2 + y^2 + 2ax + 2by + c = 0 với a^2 + b^2 - c > 0.
A. a = -3, b = -4, c = 25. a^2 + b^2 - c = 9 + 16 - 25 = -1. Loại.
B. Hệ số của y^2 khác 1, loại.
C. a = 2, b = -6, c = -13. a^2 + b^2 - c = 4 + 36 + 13 = 53 > 0. Chọn.
D. Có số hạng -y^2, loại.",2,CAL,Incorrect calculation of a^2 + b^2 - c for option A. 9 + 16 - 25 = -1 is incorrect; it should be 0.,true,"A simple arithmetic mistake in calculating the radius squared for option A, a very common and natural error."
"Xét phép thử ""Lấy ngẫu nhiên một quả bóng từ một túi chứa 5 quả bóng đỏ, 3 quả bóng xanh và 2 quả bóng vàng"". Biến cố nào dưới đây là biến cố không thể?
A. ""Chọn một quả bóng màu đỏ"".
B. ""Chọn một quả bóng màu vàng"".
C. ""Chọn một quả bóng màu cam"".
D. ""Chọn một quả bóng màu xanh"".","Tổng số quả bóng là 5 + 3 + 2 = 10. Biến cố không thể là chọn một quả bóng màu đỏ, vì chỉ có 5 quả bóng đỏ, ít hơn tổng số quả bóng.",2,REAS,Incorrect reasoning about what constitutes an impossible event. The number of red balls being less than the total doesn't make it impossible to draw a red ball.,true,"The student misinterpreted the concept of impossibility, relating it to quantity rather than existence."
"Xét phép thử ""Lấy ngẫu nhiên một quả bóng từ một túi chứa 5 quả bóng đỏ, 3 quả bóng xanh và 2 quả bóng vàng"". Biến cố nào dưới đây là biến cố không thể?
A. ""Chọn một quả bóng màu đỏ"".
B. ""Chọn một quả bóng màu vàng"".
C. ""Chọn một quả bóng màu cam"".
D. ""Chọn một quả bóng màu xanh"".","Có 5 quả bóng đỏ, 3 quả bóng xanh và 2 quả bóng vàng. Vậy tổng số quả bóng là 5 + 3 = 8. Biến cố không thể là chọn một quả bóng màu cam.",2,CAL,Incorrectly calculating the total number of balls (5 + 3 = 8 instead of 10).,true,A simple arithmetic error in calculating the total number of balls.
"Xét phép thử ""Lấy ngẫu nhiên một quả bóng từ một túi chứa 5 quả bóng đỏ, 3 quả bóng xanh và 2 quả bóng vàng"". Biến cố nào dưới đây là biến cố không thể?
A. ""Chọn một quả bóng màu đỏ"".
B. ""Chọn một quả bóng màu vàng"".
C. ""Chọn một quả bóng màu cam"".
D. ""Chọn một quả bóng màu xanh"".","Có 5 quả bóng đỏ, 3 quả bóng xanh và 2 quả bóng vàng. Vậy tổng số quả bóng là 10. Biến cố không thể là chọn một quả bóng màu đỏ, vì có 5 quả bóng đỏ, nên xác suất là 5/10 = 0.5.",3,OP,Incorrectly equating a non-zero probability (0.5) with an impossible event. An impossible event has a probability of 0.,true,The student calculated a probability but incorrectly identified it as an impossible event.
"Xét phép thử ""Lấy ngẫu nhiên một quả bóng từ một túi chứa 5 quả bóng đỏ, 3 quả bóng xanh và 2 quả bóng vàng"". Biến cố nào dưới đây là biến cố không thể?
A. ""Chọn một quả bóng màu đỏ"".
B. ""Chọn một quả bóng màu vàng"".
C. ""Chọn một quả bóng màu cam"".
D. ""Chọn một quả bóng màu xanh"".","Tổng số quả bóng là 5 + 3 + 2 = 10. Biến cố không thể là chọn một quả bóng màu vàng, vì có 2 quả bóng vàng, nên xác suất là 2/10 = 0.",3,CAL,Incorrectly equating a non-zero probability (2/10) with an impossible event. An impossible event has a probability of 0.,true,The student calculated a probability but incorrectly identified it as an impossible event.
"Xét phép thử ""Lấy ngẫu nhiên một quả bóng từ một túi chứa 5 quả bóng đỏ, 3 quả bóng xanh và 2 quả bóng vàng"". Biến cố nào dưới đây là biến cố không thể?
A. ""Chọn một quả bóng màu đỏ"".
B. ""Chọn một quả bóng màu vàng"".
C. ""Chọn một quả bóng màu cam"".
D. ""Chọn một quả bóng màu xanh"".","Có 5 quả bóng đỏ, 3 quả bóng xanh và 2 quả bóng vàng. Biến cố không thể là chọn một quả bóng màu xanh, vì số quả bóng xanh là số lẻ.",2,REAS,Incorrect reasoning. The parity (even or odd) of the number of balls of a color has no bearing on whether it's possible to draw a ball of that color.,true,The student made a completely illogical connection between the number of balls and the possibility of drawing one.
"Trong mặt phẳng với hệ trục tọa độ Oxy, phương trình nào dưới đây là phương trình chính tắc của Hypebol (H)?
A. $\frac{x^2}{16} - \frac{y^2}{9} = 1$.
B. $\frac{x^2}{25} + \frac{y^2}{9} = 1$.
C. $\frac{x^2}{16} + \frac{y^2}{9} = 1$.
D. $\frac{x^2}{9} - \frac{y^2}{16} = 0$.",Phương trình chính tắc của Hypebol có dạng $\frac{x^2}{a^2} - \frac{y^2}{b^2} = 1$ hoặc $\frac{y^2}{a^2} - \frac{x^2}{b^2} = 1$. Xét các đáp án: A. $\frac{x^2}{16} - \frac{y^2}{9} = 1$ thỏa mãn. B. $\frac{x^2}{25} + \frac{y^2}{9} = 1$ là Elip. C. $\frac{x^2}{16} + \frac{y^2}{9} = 1$ là Elip. D. $\frac{x^2}{9} - \frac{y^2}{16} = 0$ không phải là Hypebol. Vậy chọn A.,4,REAS,"Incorrectly concludes that $\frac{x^2}{9} - \frac{y^2}{16} = 0$ is not a hyperbola. It represents a pair of intersecting lines, which is a degenerate hyperbola.",true,The student correctly identifies the hyperbola form but fails to recognize a degenerate case.
"Trong mặt phẳng với hệ trục tọa độ Oxy, phương trình nào dưới đây là phương trình chính tắc của Hypebol (H)?
A. $\frac{x^2}{16} - \frac{y^2}{9} = 1$.
B. $\frac{x^2}{25} + \frac{y^2}{9} = 1$.
C. $\frac{x^2}{16} + \frac{y^2}{9} = 1$.
D. $\frac{x^2}{9} - \frac{y^2}{16} = 0$.","Phương trình chính tắc của Hypebol là $\frac{x^2}{a^2} - \frac{y^2}{b^2} = 1$. Đáp án A có dạng này, nên A đúng. Đáp án B, C là Elip vì có dấu cộng. Đáp án D là đường thẳng vì có dạng $\frac{x^2}{9} = \frac{y^2}{16}$ nên $x = \pm \frac{4}{3}y$.",4,KNOW,Incorrectly states that $\frac{x^2}{9} = \frac{y^2}{16}$ represents a straight line. It represents two intersecting lines.,true,The student demonstrates a misunderstanding of the equation representing intersecting lines.
"Trong mặt phẳng với hệ trục tọa độ Oxy, phương trình nào dưới đây là phương trình chính tắc của Hypebol (H)?
A. $\frac{x^2}{16} - \frac{y^2}{9} = 1$.
B. $\frac{x^2}{25} + \frac{y^2}{9} = 1$.
C. $\frac{x^2}{16} + \frac{y^2}{9} = 1$.
D. $\frac{x^2}{9} - \frac{y^2}{16} = 0$.","Phương trình chính tắc của Hypebol là $\frac{x^2}{a^2} - \frac{y^2}{b^2} = 1$. A. $\frac{x^2}{16} - \frac{y^2}{9} = 1$. Vậy a = 4, b = 3. B. $\frac{x^2}{25} + \frac{y^2}{9} = 1$ là Elip. C. $\frac{x^2}{16} + \frac{y^2}{9} = 1$ là Elip. D. $\frac{x^2}{9} - \frac{y^2}{16} = 1$ là Hypebol. Chọn A.",6,OP,"Incorrectly states that D is a hyperbola. The equation should be $\frac{x^2}{9} - \frac{y^2}{16} = 1$, but the original equation is $\frac{x^2}{9} - \frac{y^2}{16} = 0$.",true,The student misinterprets the equation in option D.
"Trong mặt phẳng với hệ trục tọa độ Oxy, phương trình nào dưới đây là phương trình chính tắc của Hypebol (H)?
A. $\frac{x^2}{16} - \frac{y^2}{9} = 1$.
B. $\frac{x^2}{25} + \frac{y^2}{9} = 1$.
C. $\frac{x^2}{16} + \frac{y^2}{9} = 1$.
D. $\frac{x^2}{9} - \frac{y^2}{16} = 0$.","Hypebol có dạng $\frac{x^2}{a^2} - \frac{y^2}{b^2} = 1$. A. $\frac{x^2}{16} - \frac{y^2}{9} = 1$. Vậy a = 4, b = 3. B. $\frac{x^2}{25} + \frac{y^2}{9} = 1$ là Elip. C. $\frac{x^2}{16} + \frac{y^2}{9} = 1$ là Elip. D. $\frac{x^2}{9} - \frac{y^2}{16} = 1$. Chọn A.",7,CV,The equation in option D is incorrectly stated as $\frac{x^2}{9} - \frac{y^2}{16} = 1$ instead of $\frac{x^2}{9} - \frac{y^2}{16} = 0$.,true,The student altered the equation in option D.
"Trong mặt phẳng với hệ trục tọa độ Oxy, phương trình nào dưới đây là phương trình chính tắc của Hypebol (H)?
A. $\frac{x^2}{16} - \frac{y^2}{9} = 1$.
B. $\frac{x^2}{25} + \frac{y^2}{9} = 1$.
C. $\frac{x^2}{16} + \frac{y^2}{9} = 1$.
D. $\frac{x^2}{9} - \frac{y^2}{16} = 0$.",Hypebol có dạng $\frac{x^2}{a^2} - \frac{y^2}{b^2} = 1$. A. $\frac{x^2}{16} - \frac{y^2}{9} = 1$. B. $\frac{x^2}{25} + \frac{y^2}{9} = 1$ là Elip. C. $\frac{x^2}{16} + \frac{y^2}{9} = 1$ là Elip. D. $\frac{x^2}{9} - \frac{y^2}{16} = 0$. Vậy chọn A vì có dạng đúng.,5,MIS,"The reasoning 'vì có dạng đúng' is insufficient. While A has the correct form, the student doesn't demonstrate understanding of why the other options are incorrect.",true,The student provides a weak justification for choosing A.
"Trong mặt phẳng với hệ trục tọa độ Oxy, phương trình nào dưới đây là phương trình chính tắc của Hypebol (H)?
A. $\frac{x^2}{16} - \frac{y^2}{9} = 1$.
B. $\frac{x^2}{25} + \frac{y^2}{9} = 1$.
C. $\frac{x^2}{16} + \frac{y^2}{9} = 1$.
D. $\frac{x^2}{9} - \frac{y^2}{16} = 0$.","Phương trình chính tắc của Hypebol là $\frac{x^2}{a^2} - \frac{y^2}{b^2} = 1$. A. $\frac{x^2}{16} - \frac{y^2}{9} = 1$. B. $\frac{x^2}{25} + \frac{y^2}{9} = 1$ là Elip. C. $\frac{x^2}{16} + \frac{y^2}{9} = 1$ là Elip. D. $\frac{x^2}{9} - \frac{y^2}{16} = 0$. Vậy chọn A, có 1 cách chọn.",6,CO,The statement 'có 1 cách chọn' is irrelevant and indicates a misunderstanding of the problem. It seems to be applying a counting principle inappropriately.,true,The student introduces a counting concept where it doesn't belong.
"Một lớp học có 14 nam và 12 nữ. Số cách chọn hai bạn từ lớp học đó, trong đó có một nam và một nữ tham gia đội xung kích là:
A. $C_{14}^1C_{12}^1$.
B. $A_{26}^2$.
C. $C_{26}^2$.
D. 140.",Chọn 1 nam từ 14 nam có 14 cách. Chọn 1 nữ từ 12 nữ có 12 cách. Vậy số cách chọn là 14 + 12 = 26.,2,OP,The student added the number of ways to choose a male and a female instead of multiplying them.,true,Incorrectly used addition instead of multiplication for counting principle.
"Một lớp học có 14 nam và 12 nữ. Số cách chọn hai bạn từ lớp học đó, trong đó có một nam và một nữ tham gia đội xung kích là:
A. $C_{14}^1C_{12}^1$.
B. $A_{26}^2$.
C. $C_{26}^2$.
D. 140.","Số cách chọn 1 nam từ 14 nam là A(14,1) = 14. Số cách chọn 1 nữ từ 12 nữ là A(12,1) = 12. Vậy số cách chọn là 14 * 12 = 168.",1,FC,Used permutations (A) instead of combinations (C) when the order of selection doesn't matter.,true,"The problem involves selecting a group, so combinations are appropriate, not permutations."
"Một lớp học có 14 nam và 12 nữ. Số cách chọn hai bạn từ lớp học đó, trong đó có một nam và một nữ tham gia đội xung kích là:
A. $C_{14}^1C_{12}^1$.
B. $A_{26}^2$.
C. $C_{26}^2$.
D. 140.","Số cách chọn 1 nam từ 14 nam là C(14,1) = 14. Số cách chọn 1 nữ từ 12 nữ là C(12,1) = 12. Vậy số cách chọn là 14 * 12 = 169.",3,CAL,Incorrectly calculated 14 * 12 as 169.,true,Simple arithmetic error.
"Một lớp học có 14 nam và 12 nữ. Số cách chọn hai bạn từ lớp học đó, trong đó có một nam và một nữ tham gia đội xung kích là:
A. $C_{14}^1C_{12}^1$.
B. $A_{26}^2$.
C. $C_{26}^2$.
D. 140.","Số cách chọn 1 nam từ 14 nam là C(14,1). Số cách chọn 1 nữ từ 12 nữ là C(12,1). Vậy số cách chọn là C(14,1) * C(12,1).",3,MS,The student correctly identified the formula but did not calculate the final result.,true,The solution is incomplete; it stops at the formula without evaluating it.
"Trong hộp có 12 chiếc bút xanh và 8 chiếc bút đỏ. Chọn ngẫu nhiên ra 3 chiếc bút. Số cách chọn được 2 chiếc bút xanh và 1 chiếc bút đỏ là:
A. 120.
B. 420.
C. 200.
D. 528.","Số cách chọn 2 bút xanh từ 12 bút là: C(12,2) = 12*11/2 = 66. Số cách chọn 1 bút đỏ từ 8 bút là: C(8,1) = 8. Vậy số cách chọn là 66 + 8 = 74.",3,OP,"Incorrectly added the number of ways to choose blue pens and red pens instead of multiplying them. The problem requires choosing 2 blue AND 1 red, so multiplication is needed.",true,The addition error leads to a completely wrong final answer.
"Trong hộp có 12 chiếc bút xanh và 8 chiếc bút đỏ. Chọn ngẫu nhiên ra 3 chiếc bút. Số cách chọn được 2 chiếc bút xanh và 1 chiếc bút đỏ là:
A. 120.
B. 420.
C. 200.
D. 528.","Số cách chọn 2 bút xanh là C(12,2) = 12*11 = 132. Số cách chọn 1 bút đỏ là C(8,1) = 8. Vậy số cách chọn là 132 * 8 = 1056.",2,FC,"Incorrectly calculated C(12,2) as 12*11 instead of 12*11/2.  The formula for combinations was misapplied.",true,"The error in calculating C(12,2) propagates through the rest of the solution."
"Trong hộp có 12 chiếc bút xanh và 8 chiếc bút đỏ. Chọn ngẫu nhiên ra 3 chiếc bút. Số cách chọn được 2 chiếc bút xanh và 1 chiếc bút đỏ là:
A. 120.
B. 420.
C. 200.
D. 528.","Số cách chọn 2 bút xanh từ 12 bút là C(12,2) = 66. Số cách chọn 1 bút đỏ từ 8 bút là C(8,1) = 8. Vậy số cách chọn là 66 * 8 = 528. Nhưng vì có 3 bút được chọn nên phải nhân thêm 3, kết quả là 528 * 3 = 1584.",3,REAS,"The student incorrectly multiplied the result by 3, assuming that the number of pens chosen affects the number of combinations. This is a flawed logical reasoning.",true,The multiplication by 3 is completely unjustified and based on a misunderstanding of combinations.
"Gieo một đồng xu hai lần liên tiếp, ta có không gian mẫu là:
A. {S; N}.
B. {SS; SN; NS; NN}.
C. {S; SN; NS; NN}.
D. {S; N; SN}.","Gieo một đồng xu hai lần, mỗi lần có 2 kết quả (S hoặc N). Vậy không gian mẫu là {S, N}.",2,MIS,"Misinterpreted the question. The question asks for the sample space of *two* consecutive coin tosses, not a single toss.",true,The student only considered the possible outcomes of a single coin toss.
"Gieo một đồng xu hai lần liên tiếp, ta có không gian mẫu là:
A. {S; N}.
B. {SS; SN; NS; NN}.
C. {S; SN; NS; NN}.
D. {S; N; SN}.","Gieo một đồng xu hai lần. Kết quả có thể là S hoặc N. Vậy không gian mẫu là {S, N, SN}.",2,REAS,Incorrectly combined single outcomes with a combined outcome (SN) without considering all possibilities.,true,The student didn't list all possible outcomes of two coin tosses.
"Gieo một đồng xu hai lần liên tiếp, ta có không gian mẫu là:
A. {S; N}.
B. {SS; SN; NS; NN}.
C. {S; SN; NS; NN}.
D. {S; N; SN}.","Gieo một đồng xu hai lần. Không gian mẫu là {S, N}. Vì chỉ có hai mặt.",2,MIS,"Misinterpreted the question. The question asks for the sample space of *two* consecutive coin tosses, not a single toss.",true,The student only considered the possible outcomes of a single coin toss.
"Gieo một đồng xu hai lần liên tiếp, ta có không gian mẫu là:
A. {S; N}.
B. {SS; SN; NS; NN}.
C. {S; SN; NS; NN}.
D. {S; N; SN}.","Gieo đồng xu hai lần. Có 2 kết quả có thể xảy ra: S hoặc N. Vậy không gian mẫu là {SS, NN}.",2,CO,Missed some possible outcomes. The student only listed the cases where both tosses are the same.,true,The student failed to consider the outcomes SN and NS.
"Gieo một đồng xu hai lần liên tiếp, ta có không gian mẫu là:
A. {S; N}.
B. {SS; SN; NS; NN}.
C. {S; SN; NS; NN}.
D. {S; N; SN}.","Gieo một đồng xu hai lần. Vậy không gian mẫu là {S, N, SS, SN, NS, NN}.",1,CO,"Included redundant and incorrect elements in the sample space.  'S' and 'N' represent single tosses, while the question asks for two.",true,The student mixed single and double toss outcomes.
"Gieo một đồng xu hai lần liên tiếp, ta có không gian mẫu là:
A. {S; N}.
B. {SS; SN; NS; NN}.
C. {S; SN; NS; NN}.
D. {S; N; SN}.","Gieo một đồng xu hai lần. Vì đồng xu có hai mặt, nên số phần tử của không gian mẫu là 2. Vậy không gian mẫu là {S, N}.",2,CAL,"Incorrectly calculated the number of outcomes.  The number of outcomes for two tosses is 2*2 = 4, not 2.",true,The student didn't account for the two tosses.
"Gieo một đồng xu hai lần liên tiếp, ta có không gian mẫu là:
A. {S; N}.
B. {SS; SN; NS; NN}.
C. {S; SN; NS; NN}.
D. {S; N; SN}.","Gieo một đồng xu hai lần. Không gian mẫu là {S, N}. Vì mặt ngửa (S) và mặt sấp (N) là hai khả năng duy nhất.",1,MIS,"Misinterpreted the question. The question asks for the sample space of *two* consecutive coin tosses, not a single toss.",true,The student only considered the possible outcomes of a single coin toss.
"Trong mặt phẳng với hệ trục tọa độ Oxy, tọa độ tâm I và bán kính R của đường tròn (C) : $(x-4)^2 + (y-1)^2 = 16$ là:
A. I(4; 1); R = 16.
B. I(4; 1); R = 4.
C. I(–4; –1); R = 4.
D. I(–4; –1); R = 16.","Phương trình đường tròn có dạng (x-a)^2 + (y-b)^2 = R^2
So sánh với (x-4)^2 + (y-1)^2 = 16, ta có a = -4, b = -1, R^2 = 16
Vậy tâm I(-4; -1) và bán kính R = 4.",2,CV,"Incorrectly identified the center coordinates. The equation (x-4)^2 implies a = 4, not -4.",true,The student misinterpreted the signs in the equation.
"Trong mặt phẳng với hệ trục tọa độ Oxy, tọa độ tâm I và bán kính R của đường tròn (C) : $(x-4)^2 + (y-1)^2 = 16$ là:
A. I(4; 1); R = 16.
B. I(4; 1); R = 4.
C. I(–4; –1); R = 4.
D. I(–4; –1); R = 16.","Phương trình đường tròn có dạng (x-a)^2 + (y-b)^2 = R^2
So sánh với (x-4)^2 + (y-1)^2 = 16, ta có a = 4, b = 1, R^2 = 16
Vậy tâm I(4; 1) và R = 16.",3,CAL,"Incorrectly calculated the radius. R^2 = 16 implies R = 4, not 16.",true,Simple arithmetic error in taking the square root.
"Trong mặt phẳng với hệ trục tọa độ Oxy, tọa độ tâm I và bán kính R của đường tròn (C) : $(x-4)^2 + (y-1)^2 = 16$ là:
A. I(4; 1); R = 16.
B. I(4; 1); R = 4.
C. I(–4; –1); R = 4.
D. I(–4; –1); R = 16.","Phương trình đường tròn có dạng (x-a)^2 + (y-b)^2 = R^2
So sánh với (x-4)^2 + (y-1)^2 = 16, ta có a = 4, b = 1, R = 16
Vậy tâm I(4; 1) và bán kính R = 16.",3,CAL,"Incorrectly identified the radius. R^2 = 16 implies R = 4, not 16.",true,The student confused R^2 and R.
"Trong mặt phẳng với hệ trục tọa độ Oxy, tọa độ tâm I và bán kính R của đường tròn (C) : $(x-4)^2 + (y-1)^2 = 16$ là:
A. I(4; 1); R = 16.
B. I(4; 1); R = 4.
C. I(–4; –1); R = 4.
D. I(–4; –1); R = 16.","Phương trình đường tròn có dạng x^2 + y^2 + 2ax + 2by + c = 0
(x-4)^2 + (y-1)^2 = 16 => x^2 - 8x + 16 + y^2 - 2y + 1 = 16
=> x^2 + y^2 - 8x - 2y + 1 = 0
Vậy a = -8, b = -2, c = 1. Tâm I(4; 1), R = sqrt(a^2 + b^2 - c) = sqrt(64 + 4 - 1) = sqrt(67)",4,FC,"Incorrectly applied the formula for the radius. The formula R = sqrt(a^2 + b^2 - c) is for the general form, but the student used the coefficients from the expansion (-8, -2) instead of the parameters of the center (a=-4, b=-1) leading to an incorrect calculation.",true,The student unnecessarily converted to the general form and then misapplied the radius formula with the wrong parameters.
"Một tổ có 12 học sinh. Số cách chọn ra 2 học sinh từ tổ đó để làm tổ trưởng và tổ phó là:
A. $A_{12}^2$.
B. $A_{12}^1$.
C. $C_{12}^2$.
D. $12^2$.","Chọn 2 học sinh từ 12 học sinh, không phân biệt thứ tự. Vậy số cách chọn là C(12,2) = 12!/(2!10!) = (12*11)/2 = 66.",1,FC,"Using combination instead of permutation. The problem requires selecting a leader and a deputy, so order matters.",true,"The combination formula is applied correctly, but it's the wrong formula for the problem."
"Một tổ có 12 học sinh. Số cách chọn ra 2 học sinh từ tổ đó để làm tổ trưởng và tổ phó là:
A. $A_{12}^2$.
B. $A_{12}^1$.
C. $C_{12}^2$.
D. $12^2$.",Có 12 học sinh. Mỗi học sinh có thể làm tổ trưởng hoặc tổ phó. Vậy số cách chọn là 12 + 12 = 24.,1,KNOW,"Incorrect understanding of the problem. The problem asks for selecting two distinct roles, not assigning each student to a role.",true,Demonstrates a fundamental misunderstanding of the selection process.
"Một tổ có 12 học sinh. Số cách chọn ra 2 học sinh từ tổ đó để làm tổ trưởng và tổ phó là:
A. $A_{12}^2$.
B. $A_{12}^1$.
C. $C_{12}^2$.
D. $12^2$.",Số cách chọn tổ trưởng là 12. Số cách chọn tổ phó là 12. Vậy số cách chọn là 12 * 12 = 144.,2,CV,"Incorrectly assumes the same student can be both leader and deputy. After selecting the leader, there are only 11 students left to choose from for the deputy.",true,The student fails to account for the constraint that the leader and deputy must be different people.
"Một tổ có 12 học sinh. Số cách chọn ra 2 học sinh từ tổ đó để làm tổ trưởng và tổ phó là:
A. $A_{12}^2$.
B. $A_{12}^1$.
C. $C_{12}^2$.
D. $12^2$.",Số cách chọn tổ trưởng là 12. Số cách chọn tổ phó là 11. Vậy số cách chọn là 12 + 11 = 23.,3,CAL,Incorrectly adds the number of ways to choose the leader and deputy instead of multiplying.,true,The student correctly identifies the number of choices for each role but uses the wrong operation to combine them.
"Một tổ có 12 học sinh. Số cách chọn ra 2 học sinh từ tổ đó để làm tổ trưởng và tổ phó là:
A. $A_{12}^2$.
B. $A_{12}^1$.
C. $C_{12}^2$.
D. $12^2$.","Số cách chọn tổ trưởng là 12. Sau khi chọn tổ trưởng, còn lại 10 học sinh để chọn tổ phó. Vậy số cách chọn là 12 * 10 = 120.",2,CAL,Incorrectly states that there are 10 students left to choose from for the deputy. There should be 11.,true,The student makes a simple counting error after selecting the leader.
"Gieo một con xúc sắc cân đối hai lần liên tiếp. Xác suất của biến cố: ""Tổng số chấm xuất hiện ở hai lần gieo bằng 2"" bằng:
A. $\frac{1}{36}$.
B. $\frac{5}{6}$.
C. $\frac{5}{36}$.
D. $\frac{6}{36}$.","Tổng số chấm xuất hiện ở hai lần gieo bằng 2 chỉ khi cả hai lần đều ra 1. Xác suất để lần đầu ra 1 là 1/6, và xác suất để lần hai ra 1 là 1/6. Vậy xác suất để cả hai lần đều ra 1 là (1/6) + (1/6) = 2/6 = 1/3.",3,OP,"Incorrectly added probabilities instead of multiplying them. The events are independent, so probabilities should be multiplied.",true,The student incorrectly used addition instead of multiplication for independent events.
"Gieo một con xúc sắc cân đối hai lần liên tiếp. Xác suất của biến cố: ""Tổng số chấm xuất hiện ở hai lần gieo bằng 2"" bằng:
A. $\frac{1}{36}$.
B. $\frac{5}{6}$.
C. $\frac{5}{36}$.
D. $\frac{6}{36}$.","Các kết quả có thể xảy ra khi gieo xúc sắc hai lần là: (1,1), (1,2), (1,3), (1,4), (1,5), (1,6), (2,1), (2,2), (2,3), (2,4), (2,5), (2,6). Tổng số kết quả là 12. Các kết quả có tổng bằng 2 là (1,1). Vậy xác suất là 1/12.",2,CO,"Incorrectly counted the total number of possible outcomes. There are 6 outcomes for each die, so 6*6 = 36 total outcomes.",true,The student missed half of the possible outcomes when listing them.
"Gieo một con xúc sắc cân đối hai lần liên tiếp. Xác suất của biến cố: ""Tổng số chấm xuất hiện ở hai lần gieo bằng 2"" bằng:
A. $\frac{1}{36}$.
B. $\frac{5}{6}$.
C. $\frac{5}{36}$.
D. $\frac{6}{36}$.","Để tổng số chấm bằng 2, cần có ít nhất một lần gieo ra 2. Xác suất để có ít nhất một lần ra 2 là 1 - xác suất không có lần nào ra 2. Xác suất không ra 2 trong một lần gieo là 5/6. Vậy xác suất không ra 2 trong hai lần gieo là (5/6)*(5/6) = 25/36. Do đó, xác suất có ít nhất một lần ra 2 là 1 - 25/36 = 11/36.",1,MIS,"Misinterpreted the question. The question asks for a sum of 2, which requires both dice to show 1, not at least one die to show 2.",true,The student solved for a different event than the one asked in the question.
"Gieo một con xúc sắc cân đối hai lần liên tiếp. Xác suất của biến cố: ""Tổng số chấm xuất hiện ở hai lần gieo bằng 2"" bằng:
A. $\frac{1}{36}$.
B. $\frac{5}{6}$.
C. $\frac{5}{36}$.
D. $\frac{6}{36}$.",Tổng số chấm bằng 2 khi và chỉ khi cả hai lần gieo đều ra 1. Xác suất để ra 1 là 1/5. Vậy xác suất để cả hai lần đều ra 1 là (1/5)*(1/5) = 1/25.,2,KNOW,"Incorrectly stated the probability of rolling a 1 on a standard six-sided die. The probability is 1/6, not 1/5.",true,The student demonstrated a misunderstanding of the probability of a single die roll.
"Trong mặt phẳng tọa độ Oxy, phương trình tiếp tuyến của đường tròn (C) : $x^2 + y^2 = 9$ tại điểm P(3; 0) là:
A. y = 3.
B. x = 3.
C. x + y – 3 = 0.
D. y = x = 0.","Phương trình đường tròn (C): x^2 + y^2 = 9 có tâm O(0;0) và bán kính R = 3.
Đường thẳng OP có phương trình y = 0.
Tiếp tuyến tại P(3;0) vuông góc với OP nên có phương trình x = 3.",3,FC,Incorrectly assumed the tangent line is simply x=3 because OP is horizontal.  The student didn't apply the correct tangent line formula.,true,The student skipped the step of finding the slope of the radius and using the negative reciprocal for the tangent line.
"Trong mặt phẳng tọa độ Oxy, phương trình tiếp tuyến của đường tròn (C) : $x^2 + y^2 = 9$ tại điểm P(3; 0) là:
A. y = 3.
B. x = 3.
C. x + y – 3 = 0.
D. y = x = 0.","Đường tròn (C) có tâm O(0;0), bán kính R = 3.
Tiếp tuyến tại P(3;0) có dạng y - 0 = m(x - 3).
Vì P nằm trên đường tròn nên 3^2 + 0^2 = 9 (đúng).
Chọn m = 1, ta có y = x - 3.",2,KNOW,The student started with the point-slope form of a line but didn't use the perpendicularity condition between the radius and the tangent.,true,The student didn't utilize the geometric relationship between the radius and the tangent line.
"Trong mặt phẳng tọa độ Oxy, phương trình tiếp tuyến của đường tròn (C) : $x^2 + y^2 = 9$ tại điểm P(3; 0) là:
A. y = 3.
B. x = 3.
C. x + y – 3 = 0.
D. y = x = 0.","Đường tròn (C) có tâm O(0;0), bán kính R = 3.
Phương trình tiếp tuyến tại P(3;0) có dạng x + y + c = 0.
Thay P(3;0) vào, ta có 3 + 0 + c = 0 => c = -3.
Vậy phương trình tiếp tuyến là x + y - 3 = 0.",1,FC,Incorrectly assumed the general form of the tangent line. The general form is not directly applicable without considering the radius and center.,true,The student used a general line equation without considering the specific properties of a tangent line to a circle.
"Trong mặt phẳng tọa độ Oxy, phương trình tiếp tuyến của đường tròn (C) : $x^2 + y^2 = 9$ tại điểm P(3; 0) là:
A. y = 3.
B. x = 3.
C. x + y – 3 = 0.
D. y = x = 0.","Đường tròn (C) có tâm O(0;0), bán kính R = 3.
Phương trình tiếp tuyến tại P(3;0) có dạng y = mx + c.
Thay P(3;0) vào, ta có 0 = 3m + c => c = -3m.
Vậy phương trình tiếp tuyến là y = mx - 3m.",1,KNOW,The student started with a general line equation but didn't use the perpendicularity condition between the radius and the tangent.,true,The student didn't utilize the geometric relationship between the radius and the tangent line.
"Trong mặt phẳng tọa độ Oxy, phương trình tiếp tuyến của đường tròn (C) : $x^2 + y^2 = 9$ tại điểm P(3; 0) là:
A. y = 3.
B. x = 3.
C. x + y – 3 = 0.
D. y = x = 0.","Đường tròn (C) có tâm O(0;0), bán kính R = 3.
Tiếp tuyến tại P(3;0) có phương trình x^2 + y^2 = 9.
Thay x = 3, ta được 9 + y^2 = 9 => y^2 = 0 => y = 0.
Vậy phương trình tiếp tuyến là y = 0.",2,FC,Incorrectly used the equation of the circle as the equation of the tangent line.,true,The student confused the circle's equation with the tangent line's equation.
"Trong mặt phẳng tọa độ Oxy, phương trình tiếp tuyến của đường tròn (C) : $x^2 + y^2 = 9$ tại điểm P(3; 0) là:
A. y = 3.
B. x = 3.
C. x + y – 3 = 0.
D. y = x = 0.","Đường tròn (C) có tâm O(0;0), bán kính R = 3.
Tiếp tuyến tại P(3;0) có phương trình x + y = 3.
Thay x = 0, ta được y = 3. Vậy tiếp tuyến cắt trục Oy tại (0;3).",1,HA,The student invented a tangent line equation (x+y=3) without any justification and then proceeded to find its y-intercept.,true,The student added a completely fictitious equation.
"Trong mặt phẳng tọa độ Oxy, phương trình tiếp tuyến của đường tròn (C) : $x^2 + y^2 = 9$ tại điểm P(3; 0) là:
A. y = 3.
B. x = 3.
C. x + y – 3 = 0.
D. y = x = 0.","Đường tròn (C) có tâm O(0;0), bán kính R = 3.
Đường thẳng OP có phương trình y = 0.
Tiếp tuyến tại P(3;0) song song với OP nên có phương trình y = 0.",3,KNOW,Incorrectly stated that the tangent line is parallel to the radius. Tangent lines are perpendicular to the radius at the point of tangency.,true,The student confused the relationship between the radius and the tangent line.
"Trong mặt phẳng tọa độ Oxy, phương trình tiếp tuyến của đường tròn (C) : $x^2 + y^2 = 9$ tại điểm P(3; 0) là:
A. y = 3.
B. x = 3.
C. x + y – 3 = 0.
D. y = x = 0.","Đường tròn (C) có tâm O(0;0), bán kính R = 3.
Tiếp tuyến tại P(3;0) có phương trình x + y - 3 = 0.
Thay x = 1, ta được 1 + y - 3 = 0 => y = 2. Vậy điểm (1;2) nằm trên tiếp tuyến.",1,HA,The student assumed the equation of the tangent line is x + y - 3 = 0 without any justification and then tested a point on it.,true,The student added a completely fictitious equation.
"Trên giá sách có 11 cuốn tiểu thuyết, 9 quyển truyện ngắn và 2 cuốn hồi kí. Một bạn chọn ra 3 quyển để đọc.
a) Xác suất của biến cố ""Ba quyển được chọn đều là tiểu thuyết"" bằng $\frac{3}{28}$.
b) Xác suất của biến cố: ""Ba quyển được chọn thuộc ba thể loại khác nhau"" bằng $\frac{9}{70}$.
c) Xác suất của biến cố: ""Ba quyển được chọn thuộc cùng một thể loại"" bằng $\frac{249}{1540}$.
d) Xác suất của biến cố: ""Ít nhất một quyển truyện ngắn được chọn"" bằng $\frac{20}{77}$.","b) Số cách chọn 3 quyển thuộc ba thể loại khác nhau là: 11 * 9 * 2 = 198. Tổng số cách chọn 3 cuốn sách là C(22,3) = 1540. Xác suất là 198/1540 = 99/770.",1,CO,"Incorrectly calculated the number of ways to choose one book from each genre. It should be 11 * 9 * 2, but the student didn't simplify the fraction correctly.",true,The student correctly identified the multiplication principle but made an error in simplifying the final fraction.
"Trên giá sách có 11 cuốn tiểu thuyết, 9 quyển truyện ngắn và 2 cuốn hồi kí. Một bạn chọn ra 3 quyển để đọc.
a) Xác suất của biến cố ""Ba quyển được chọn đều là tiểu thuyết"" bằng $\frac{3}{28}$.
b) Xác suất của biến cố: ""Ba quyển được chọn thuộc ba thể loại khác nhau"" bằng $\frac{9}{70}$.
c) Xác suất của biến cố: ""Ba quyển được chọn thuộc cùng một thể loại"" bằng $\frac{249}{1540}$.
d) Xác suất của biến cố: ""Ít nhất một quyển truyện ngắn được chọn"" bằng $\frac{20}{77}$.","c) Số cách chọn 3 cuốn tiểu thuyết là C(11,3) = 165. Số cách chọn 3 cuốn truyện ngắn là C(9,3) = 84. Số cách chọn 3 cuốn hồi kí là C(2,3) = 0. Vậy số cách chọn 3 cuốn cùng một thể loại là 165 + 84 + 0 = 249. Xác suất là 249/22.",4,CAL,"Incorrect total number of ways to choose 3 books. It should be C(22,3) = 1540, not 22.",true,The student made a mistake in calculating the denominator of the probability.
"Trên giá sách có 11 cuốn tiểu thuyết, 9 quyển truyện ngắn và 2 cuốn hồi kí. Một bạn chọn ra 3 quyển để đọc.
a) Xác suất của biến cố ""Ba quyển được chọn đều là tiểu thuyết"" bằng $\frac{3}{28}$.
b) Xác suất của biến cố: ""Ba quyển được chọn thuộc ba thể loại khác nhau"" bằng $\frac{9}{70}$.
c) Xác suất của biến cố: ""Ba quyển được chọn thuộc cùng một thể loại"" bằng $\frac{249}{1540}$.
d) Xác suất của biến cố: ""Ít nhất một quyển truyện ngắn được chọn"" bằng $\frac{20}{77}$.","d) Số cách chọn 3 cuốn không có truyện ngắn nào là C(11+2,3) = C(13,3) = 286. Tổng số cách chọn 3 cuốn là C(22,3) = 1540. Xác suất không có truyện ngắn là 286/1540 = 143/770. Vậy xác suất có ít nhất một truyện ngắn là 1 - 143/770 = 627/770.",3,CAL,"Incorrect calculation of 1 - 143/770. The correct result is 627/770, but the student made an arithmetic error.",true,Arithmetic error in the final subtraction.
"Trên giá sách có 11 cuốn tiểu thuyết, 9 quyển truyện ngắn và 2 cuốn hồi kí. Một bạn chọn ra 3 quyển để đọc.
a) Xác suất của biến cố ""Ba quyển được chọn đều là tiểu thuyết"" bằng $\frac{3}{28}$.
b) Xác suất của biến cố: ""Ba quyển được chọn thuộc ba thể loại khác nhau"" bằng $\frac{9}{70}$.
c) Xác suất của biến cố: ""Ba quyển được chọn thuộc cùng một thể loại"" bằng $\frac{249}{1540}$.
d) Xác suất của biến cố: ""Ít nhất một quyển truyện ngắn được chọn"" bằng $\frac{20}{77}$.","b) Để chọn 3 quyển thuộc ba thể loại khác nhau, ta có thể chọn 1 tiểu thuyết, 1 truyện ngắn và 1 hồi kí. Số cách chọn là 11 + 9 + 2 = 22. Tổng số cách chọn là C(22,3) = 1540. Xác suất là 22/1540 = 1/70.",1,MIS,Misinterpretation: The student incorrectly added the number of books in each genre instead of multiplying them to find the number of ways to choose one from each.,true,The student failed to understand the multiplication principle for independent events.
"Trên giá sách có 11 cuốn tiểu thuyết, 9 quyển truyện ngắn và 2 cuốn hồi kí. Một bạn chọn ra 3 quyển để đọc.
a) Xác suất của biến cố ""Ba quyển được chọn đều là tiểu thuyết"" bằng $\frac{3}{28}$.
b) Xác suất của biến cố: ""Ba quyển được chọn thuộc ba thể loại khác nhau"" bằng $\frac{9}{70}$.
c) Xác suất của biến cố: ""Ba quyển được chọn thuộc cùng một thể loại"" bằng $\frac{249}{1540}$.
d) Xác suất của biến cố: ""Ít nhất một quyển truyện ngắn được chọn"" bằng $\frac{20}{77}$.","a) Số cách chọn 3 cuốn tiểu thuyết là C(11,3) = 165. Tổng số cách chọn 3 cuốn sách là C(22,3) = 1540. Xác suất là 165/1540 = 3/28. Vì có 11 cuốn tiểu thuyết nên xác suất là 11/22 = 1/2.",3,KNOW,"Incorrect understanding of probability: The student incorrectly stated the probability as 11/22, which is the probability of choosing a novel on the first pick, not the probability of choosing three novels.",true,The student demonstrated a misunderstanding of how to calculate probability in this context.
"Cho nhị thức $(4x-3)^5$.
a) Số hạng chứa $x^5$ trong khai triển Newton của nhị thức trên là 1024x⁵.
b) Hệ số của số hạng chứa $x^4$ trong khai triển Newton của nhị thức trên là –3840.
c) Số hạng không chứa x trong khai triển Newton của nhị thức trên là 243.
d) Tổng các hệ số trong khai triển Newton của nhị thức bằng –1.",a) Số hạng chứa $x^5$ trong khai triển Newton của $(4x-3)^5$ là $C^5_5 (4x)^5 (-3)^0 = 1024x^5$. b) Hệ số của số hạng chứa $x^4$ là $C^5_4 (4x)^4 (-3)^1 = 5 * 256x^4 * -3 = -3840x^4$. Vậy hệ số là -3840. c) Số hạng không chứa x là $C^5_0 (4x)^5 (-3)^0 = 1024x^5$. d) Tổng các hệ số trong khai triển Newton của nhị thức bằng 0.,3,CO,"Incorrectly identified the index for the constant term. Should be C(5,5) or C(5,0) for x^0, but used C(5,0) with (4x)^5.",true,The error in part c) leads to an incorrect constant term.
"Trong mặt phẳng Oxy, cho hai điểm A(2; 1); B(–4; 3), đường thẳng d : 3x + 4y – 7 = 0 và đường thẳng Δ : x – 3y + 3 = 0.
a) Đường thẳng đi qua điểm A và vuông góc với đường thẳng d có phương trình 4x – 3y – 5 = 0.
b) Đường tròn đường kính AB có phương trình $(x+1)^2 + (y-2)^2 = 10$.
c) Đường tròn tâm B tiếp xúc với đường thẳng d có phương trình $(x-4)^2 + (y+3)^2 = \frac{49}{25}$.
d) Có 2 phương trình tiếp tuyến của đường tròn đường kính AB song song với đường thẳng Δ.",a) Hệ số góc của d là m = -3/4. Hệ số góc của đường thẳng vuông góc là m' = 4/3. Phương trình đường thẳng qua A(2;1) là y - 1 = 4/3(x + 2) => 3y - 3 = 4x + 8 => 4x - 3y + 11 = 0.,2,CAL,"Sign error when substituting the x-coordinate of point A. It should be (x-2), but the student wrote (x+2).",true,A simple sign error led to an incorrect equation.
"Trong mặt phẳng Oxy, cho hai điểm A(2; 1); B(–4; 3), đường thẳng d : 3x + 4y – 7 = 0 và đường thẳng Δ : x – 3y + 3 = 0.
a) Đường thẳng đi qua điểm A và vuông góc với đường thẳng d có phương trình 4x – 3y – 5 = 0.
b) Đường tròn đường kính AB có phương trình $(x+1)^2 + (y-2)^2 = 10$.
c) Đường tròn tâm B tiếp xúc với đường thẳng d có phương trình $(x-4)^2 + (y+3)^2 = \frac{49}{25}$.
d) Có 2 phương trình tiếp tuyến của đường tròn đường kính AB song song với đường thẳng Δ.",a) Đường thẳng d có phương trình 3x + 4y - 7 = 0. Hệ số góc của d là m = 3/4. Đường thẳng vuông góc có hệ số góc m' = -4/3. Phương trình đường thẳng qua A(2;1) là y - 1 = -4/3(x - 2) => 3y - 3 = -4x + 8 => 4x + 3y - 11 = 0.,1,KNOW,"Incorrectly identified the slope of the line d. The slope should be -3/4, not 3/4.",true,The student had an incorrect understanding of how to find the slope from the equation of a line.
"Trong mặt phẳng với hệ trục tọa độ xét:
a) Tập hợp tất cả điểm M(x; y) nằm trên hypebol (H) : $\frac{x^2}{16} - \frac{y^2}{9} = 1$ luôn luôn thỏa mãn hệ thức $|MF_1 + MF_2| = 8$.
b) Elip (E) : $\frac{x^2}{23} + \frac{y^2}{7} = 1$ có một tiêu điểm là $F_1(0; 4)$.
c) Đường thẳng $x = –1$ là phương trình đường chuẩn của parabol (P) : $y^2 = 4x$.
d) Elip (E) : $\frac{x^2}{7} + \frac{y^2}{5} = 1$ có diện tích hình chữ nhật cơ sở là $4\sqrt{35}$.","a) Hypebol có a = 4, b = 3. Vậy 2a = 8. Do đó, $|MF_1 + MF_2| = 2a = 8$. Vậy mọi điểm M trên hypebol đều thỏa mãn.",2,KNOW,"Sai kiến thức về định nghĩa hypebol. Định nghĩa hypebol là hiệu khoảng cách từ một điểm trên hypebol đến hai tiêu điểm là một hằng số, không phải tổng.",true,Lỗi kiến thức cơ bản về định nghĩa hypebol.
"Trong mặt phẳng với hệ trục tọa độ xét:
a) Tập hợp tất cả điểm M(x; y) nằm trên hypebol (H) : $\frac{x^2}{16} - \frac{y^2}{9} = 1$ luôn luôn thỏa mãn hệ thức $|MF_1 + MF_2| = 8$.
b) Elip (E) : $\frac{x^2}{23} + \frac{y^2}{7} = 1$ có một tiêu điểm là $F_1(0; 4)$.
c) Đường thẳng $x = –1$ là phương trình đường chuẩn của parabol (P) : $y^2 = 4x$.
d) Elip (E) : $\frac{x^2}{7} + \frac{y^2}{5} = 1$ có diện tích hình chữ nhật cơ sở là $4\sqrt{35}$.","b) Elip (E) : $\frac{x^2}{23} + \frac{y^2}{7} = 1$. Ta có a^2 = 23, b^2 = 7. c^2 = a^2 - b^2 = 23 - 7 = 16 => c = 4. Vậy tiêu điểm là F1(0; 4).",3,CAL,"Tính toán sai. c^2 = a^2 - b^2 = 23 - 7 = 16 là đúng, nhưng tiêu điểm F1(0;4) không phù hợp với phương trình elip. Tiêu điểm phải là (0, ±c) hoặc (±c, 0).",true,Tính toán đúng nhưng kết luận sai về vị trí tiêu điểm.
"Trong mặt phẳng với hệ trục tọa độ xét:
a) Tập hợp tất cả điểm M(x; y) nằm trên hypebol (H) : $\frac{x^2}{16} - \frac{y^2}{9} = 1$ luôn luôn thỏa mãn hệ thức $|MF_1 + MF_2| = 8$.
b) Elip (E) : $\frac{x^2}{23} + \frac{y^2}{7} = 1$ có một tiêu điểm là $F_1(0; 4)$.
c) Đường thẳng $x = –1$ là phương trình đường chuẩn của parabol (P) : $y^2 = 4x$.
d) Elip (E) : $\frac{x^2}{7} + \frac{y^2}{5} = 1$ có diện tích hình chữ nhật cơ sở là $4\sqrt{35}$.","c) Đường thẳng x = -1 là phương trình đường chuẩn của parabol (P) : y^2 = 4x. Ta có p = 2. Vậy đường chuẩn là x = -p = -2. Do đó, x = -1 không phải là đường chuẩn.",2,FC,"Áp dụng sai công thức đường chuẩn của parabol. Đường chuẩn của y^2 = 4px là x = -p, nhưng đề bài cho x = -1, nên cần kiểm tra lại.",true,Sai công thức hoặc hiểu sai về đường chuẩn.
"Trong mặt phẳng với hệ trục tọa độ xét:
a) Tập hợp tất cả điểm M(x; y) nằm trên hypebol (H) : $\frac{x^2}{16} - \frac{y^2}{9} = 1$ luôn luôn thỏa mãn hệ thức $|MF_1 + MF_2| = 8$.
b) Elip (E) : $\frac{x^2}{23} + \frac{y^2}{7} = 1$ có một tiêu điểm là $F_1(0; 4)$.
c) Đường thẳng $x = –1$ là phương trình đường chuẩn của parabol (P) : $y^2 = 4x$.
d) Elip (E) : $\frac{x^2}{7} + \frac{y^2}{5} = 1$ có diện tích hình chữ nhật cơ sở là $4\sqrt{35}$.","b) Elip (E) : $\frac{x^2}{23} + \frac{y^2}{7} = 1$. Tiêu điểm F1(0; 4). Vậy c = 4. a^2 = 23, b^2 = 7. c^2 = a^2 + b^2 = 23 + 7 = 30. Vậy c = sqrt(30) ≠ 4. Vậy đề sai.",3,KNOW,"Sai kiến thức về mối quan hệ giữa a, b và c trong elip. c^2 = a^2 - b^2, không phải c^2 = a^2 + b^2.",true,"Lỗi kiến thức về mối quan hệ giữa a, b, c trong elip."
"Trong mặt phẳng với hệ trục tọa độ xét:
a) Tập hợp tất cả điểm M(x; y) nằm trên hypebol (H) : $\frac{x^2}{16} - \frac{y^2}{9} = 1$ luôn luôn thỏa mãn hệ thức $|MF_1 + MF_2| = 8$.
b) Elip (E) : $\frac{x^2}{23} + \frac{y^2}{7} = 1$ có một tiêu điểm là $F_1(0; 4)$.
c) Đường thẳng $x = –1$ là phương trình đường chuẩn của parabol (P) : $y^2 = 4x$.
d) Elip (E) : $\frac{x^2}{7} + \frac{y^2}{5} = 1$ có diện tích hình chữ nhật cơ sở là $4\sqrt{35}$.",d) Elip (E) : $\frac{x^2}{7} + \frac{y^2}{5} = 1$. Diện tích hình chữ nhật cơ sở là 2a * 2b = 2*sqrt(7) * 2*sqrt(5) = 4*sqrt(35).,1,MS,Thiếu bước xác định a và b. Cần xác định a = sqrt(7) và b = sqrt(5) trước khi tính diện tích.,true,Thiếu bước xác định a và b.
"Trên mặt phẳng Oxy, ta xét một hình chữ nhật ABCD với các điểm A(–3; –1); B(–3; 3); C(3; 3) và D(3; –1). Một con châu chấu nhảy trong hình chữ nhật đó tính cả trên cạnh hình chữ nhật sao cho chân nó luôn đáp xuống mặt phẳng tại các điểm có tọa độ nguyên (tức là điểm có cả hoành độ và tung độ đều nguyên). Tính xác suất để nó đáp xuống các điểm M(x; y) sao cho x + y ≤ 1 (Làm tròn kết quả đến hàng phần trăm).","Hình chữ nhật ABCD có chiều dài 6 và chiều rộng 4. Diện tích hình chữ nhật là 6 * 4 = 24.  Vùng x + y ≤ 1 là một tam giác với các đỉnh (-3, 4), (1, -3), (-3, -1). Diện tích tam giác là 1/2 * 6 * 4 = 12. Xác suất là 12/24 = 0.5.",2,MIS,"Misinterpreted the problem. The problem asks for the probability based on discrete points, not continuous area. Using area calculation is incorrect.",true,The entire solution is based on a misinterpretation of the problem's requirements.
"Trên mặt phẳng Oxy, ta xét một hình chữ nhật ABCD với các điểm A(–3; –1); B(–3; 3); C(3; 3) và D(3; –1). Một con châu chấu nhảy trong hình chữ nhật đó tính cả trên cạnh hình chữ nhật sao cho chân nó luôn đáp xuống mặt phẳng tại các điểm có tọa độ nguyên (tức là điểm có cả hoành độ và tung độ đều nguyên). Tính xác suất để nó đáp xuống các điểm M(x; y) sao cho x + y ≤ 1 (Làm tròn kết quả đến hàng phần trăm).","Số điểm có tọa độ nguyên trong hình chữ nhật là (3 - (-3) + 1) * (3 - (-1) + 1) = 7 * 5 = 35.  Số điểm thỏa mãn x + y ≤ 1 là: x = -3, y = -1, 0, 1, 2; x = -2, y = -1, 0, 1; x = -1, y = -1, 0; x = 0, y = -1. Tổng là 4 + 3 + 2 + 1 = 10. Xác suất là 10/35 = 0.29.",2,CO,Incorrectly counted the number of points satisfying x + y <= 1. The counting logic is flawed and doesn't systematically cover all possible integer coordinates.,true,"The counting error leads to an incorrect numerator, thus an incorrect probability."
Cho đường tròn (C) : $(x-a)^2 + (y-b)^2 = 25$ tiếp xúc với đường thẳng Δ : 3x + 4y + 1 = 0 tại A(1; –1). Tính $\frac{b}{a}$ biết rằng giá trị của a > 0.,"Vì (C) tiếp xúc Δ tại A(1;-1) nên A thuộc (C). Thay A vào (C) ta có: (1-a)^2 + (-1-b)^2 = 25.  Đường thẳng Δ có VTPT là (3;4). Đường thẳng OA có VTPT là (3;4) nên phương trình OA là 3(x-1) + 4(y+1) = 0 => 3x + 4y + 1 = 0.  Vậy OA trùng Δ.  Khoảng cách từ O(a;b) đến Δ là d = |3a + 4b + 1|/5 = 5. Suy ra |3a + 4b + 1| = 25.  Xét 3a + 4b + 1 = 25 => 3a + 4b = 24.  Kết hợp với (1-a)^2 + (-1-b)^2 = 25, giải hệ phương trình này.  Nếu a = 4, b = 3 thì 3*4 + 4*3 = 24.  Vậy b/a = 3/4.",3,REAS,"Incorrectly assumes that the line OA is perpendicular to the tangent line Δ.  The line connecting the center of the circle to the point of tangency is *normal* to the tangent line, meaning it has the same direction vector as the normal vector of the tangent line, not that the equation is the same.",true,"The error in step 3 leads to an incorrect equation for the line OA, invalidating the rest of the solution."
Cho đường tròn (C) : $(x-a)^2 + (y-b)^2 = 25$ tiếp xúc với đường thẳng Δ : 3x + 4y + 1 = 0 tại A(1; –1). Tính $\frac{b}{a}$ biết rằng giá trị của a > 0.,"Vì (C) tiếp xúc với Δ tại A(1;-1) nên A thuộc (C). (1-a)^2 + (-1-b)^2 = 25.  Khoảng cách từ tâm O(a;b) đến Δ là bán kính R = 5.  |3a + 4b + 1|/√(3^2 + 4^2) = 5 => |3a + 4b + 1| = 25.  3a + 4b + 1 = 25 hoặc 3a + 4b + 1 = -25.  Trường hợp 1: 3a + 4b = 24.  Trường hợp 2: 3a + 4b = -26.  Vì a > 0, chọn a = 2, thì 6 + 4b = 24 => 4b = 18 => b = 4.5.  Vậy b/a = 4.5/2 = 2.25.",6,CAL,Arbitrarily choosing a value for 'a' (a=2) without verifying if it satisfies the original circle equation (1-a)^2 + (-1-b)^2 = 25. This leads to an incorrect solution.,true,The arbitrary choice of 'a' bypasses the need to solve the system of equations correctly.
Cho đường tròn (C) : $(x-a)^2 + (y-b)^2 = 25$ tiếp xúc với đường thẳng Δ : 3x + 4y + 1 = 0 tại A(1; –1). Tính $\frac{b}{a}$ biết rằng giá trị của a > 0.,"Đường tròn (C) có tâm O(a;b) và bán kính R = 5. Vì (C) tiếp xúc Δ tại A(1;-1) nên OA vuông góc với Δ.  Phương trình Δ: 3x + 4y + 1 = 0.  Vecto pháp tuyến của Δ là n = (3;4).  Phương trình đường thẳng OA: 4(x-1) - 3(y+1) = 0 => 4x - 3y - 7 = 0.  Vì O(a;b) thuộc OA: 4a - 3b - 7 = 0.  Vậy 4a - 3b = 7.  Kết hợp với (1-a)^2 + (-1-b)^2 = 25, giải hệ phương trình.  Nếu a = 1, thì 4 - 3b = 7 => -3b = 3 => b = -1.  Vậy b/a = -1.",3,FC,"Incorrectly determines the equation of the line OA. Since OA is normal to Δ, the direction vector of OA is (3,4), so the equation should be of the form 4x - 3y + c = 0, which is incorrect. The correct equation should use the normal vector of Δ as the direction vector of OA, leading to 3(y+1) = 4(x-1).",true,The incorrect equation for OA leads to an incorrect relationship between a and b.
Cho đường tròn (C) : $(x-a)^2 + (y-b)^2 = 25$ tiếp xúc với đường thẳng Δ : 3x + 4y + 1 = 0 tại A(1; –1). Tính $\frac{b}{a}$ biết rằng giá trị của a > 0.,"Vì (C) tiếp xúc Δ tại A(1;-1) nên A thuộc (C). (1-a)^2 + (-1-b)^2 = 25.  Khoảng cách từ O(a;b) đến Δ là 5.  |3a + 4b + 1|/5 = 5 => |3a + 4b + 1| = 25.  3a + 4b + 1 = 25 hoặc 3a + 4b + 1 = -25.  Trường hợp 1: 3a + 4b = 24.  Trường hợp 2: 3a + 4b = -26.  Nếu a = 8, b = 0, thì 3*8 + 4*0 = 24.  Vậy b/a = 0/8 = 0.",7,CV,"The solution finds a valid 'a' and 'b' that satisfy 3a + 4b = 24, but it doesn't check if these values also satisfy the circle equation (1-a)^2 + (-1-b)^2 = 25.  Therefore, the solution is incorrect.",true,The solution fails to verify the solution against the original circle equation.
Cho đường tròn (C) : $(x-a)^2 + (y-b)^2 = 25$ tiếp xúc với đường thẳng Δ : 3x + 4y + 1 = 0 tại A(1; –1). Tính $\frac{b}{a}$ biết rằng giá trị của a > 0.,"Vì (C) tiếp xúc Δ tại A(1;-1) nên A thuộc (C). (1-a)^2 + (-1-b)^2 = 25.  Khoảng cách từ O(a;b) đến Δ là 5.  |3a + 4b + 1|/√(3^2 + 4^2) = 5 => |3a + 4b + 1| = 25.  3a + 4b + 1 = 25 hoặc 3a + 4b + 1 = -25.  Trường hợp 1: 3a + 4b = 24.  Trường hợp 2: 3a + 4b = -26.  Chọn a = 0, thì 4b = 24 => b = 6.  Vậy b/a không xác định.",7,CV,"The problem states a > 0, so a = 0 is not a valid solution. The student should have discarded this solution.",true,The solution violates the given condition a > 0.
Cho đường tròn (C) : $(x-a)^2 + (y-b)^2 = 25$ tiếp xúc với đường thẳng Δ : 3x + 4y + 1 = 0 tại A(1; –1). Tính $\frac{b}{a}$ biết rằng giá trị của a > 0.,"Đường tròn (C) có tâm O(a;b) và bán kính R = 5.  Vì (C) tiếp xúc Δ tại A(1;-1) nên OA vuông góc với Δ.  Phương trình Δ: 3x + 4y + 1 = 0.  OA có phương trình: 3(x-a) + 4(y-b) = 0.  Vì A(1;-1) thuộc OA: 3(1-a) + 4(-1-b) = 0 => 3 - 3a - 4 - 4b = 0 => -3a - 4b = 1 => 3a + 4b = -1.  Kết hợp với (1-a)^2 + (-1-b)^2 = 25, giải hệ phương trình.  Nếu a = 1, thì 3 + 4b = -1 => 4b = -4 => b = -1.  Vậy b/a = -1.",3,FC,"Incorrectly applies the point-slope form of a line. The line OA is *normal* to Δ, so its equation should be based on the normal vector (3,4), not the general form of a line passing through (a,b).",true,The incorrect equation for OA leads to an incorrect relationship between a and b.
Cho đường tròn (C) : $(x-a)^2 + (y-b)^2 = 25$ tiếp xúc với đường thẳng Δ : 3x + 4y + 1 = 0 tại A(1; –1). Tính $\frac{b}{a}$ biết rằng giá trị của a > 0.,"Đường tròn (C) có tâm O(a;b) và bán kính R = 5.  Vì (C) tiếp xúc Δ tại A(1;-1) nên OA vuông góc với Δ.  Phương trình Δ: 3x + 4y + 1 = 0.  OA có phương trình: 4x - 3y + c = 0.  Vì A(1;-1) thuộc OA: 4(1) - 3(-1) + c = 0 => 4 + 3 + c = 0 => c = -7.  Vậy OA: 4x - 3y - 7 = 0.  O(a;b) thuộc OA: 4a - 3b - 7 = 0.  Vậy 4a - 3b = 7.  Nếu a = 1, b = -1, thì 4 - 3(-1) = 7.  Vậy b/a = -1.",3,KNOW,"Incorrectly determines the equation of the line OA. The line OA is normal to Δ, so its equation should be based on the normal vector (3,4), not the coefficients of the tangent line.",true,The incorrect equation for OA leads to an incorrect relationship between a and b.
Cho đường tròn (C) : $(x-a)^2 + (y-b)^2 = 25$ tiếp xúc với đường thẳng Δ : 3x + 4y + 1 = 0 tại A(1; –1). Tính $\frac{b}{a}$ biết rằng giá trị của a > 0.,"Cho đường tròn (C) : $(x-a)^2 + (y-b)^2 = 25$ tiếp xúc với đường thẳng Δ : 3x + 4y + 1 = 0 tại A(1; –1). Tính $\frac{b}{a}$ biết rằng giá trị của a > 0.  Vì A thuộc (C) nên (1-a)^2 + (-1-b)^2 = 25.  Ta có thể viết lại phương trình đường tròn là x^2 - 2ax + a^2 + y^2 - 2by + b^2 = 25.  Vì A(1;-1) thuộc đường tròn nên 1 - 2a + a^2 + 1 - 2b + b^2 = 25.  Vậy a^2 + b^2 - 2a - 2b = 23.  Nếu a = 5, b = 2, thì 25 + 4 - 10 - 4 = 15 ≠ 23.  Vậy b/a = 2/5.",6,MS,"The solution attempts to substitute A(1,-1) into the expanded form of the circle equation, but it doesn't use the information about the tangency to derive a relationship between a and b. It simply tries random values for a and b without a systematic approach.",true,The solution lacks a crucial step of using the tangency condition to establish a relationship between a and b.
"Cho tứ giác ABCD . Trên mỗi cạnh AB, BC, CD, DA lấy 9 điểm phân biệt và không có điểm nào trùng với 4 đỉnh A, B, C, D . Hỏi từ 40 điểm đã cho lập được bao nhiêu tam giác","Số điểm trên mỗi cạnh là 9. Tổng số điểm là 4 * 9 = 36. Số tam giác có thể lập được từ 36 điểm là C(36,3) = 36*35*34/6 = 7140. Nhưng phải trừ đi các trường hợp 3 điểm cùng nằm trên 1 cạnh. Có 4 cạnh, mỗi cạnh có C(9,3) = 84 cách chọn 3 điểm. Vậy số tam giác là 7140 - 4*84 = 7140 - 336 = 6804.",1,CAL,"Incorrectly calculated the total number of points. The problem states there are 40 points in total, but the student recalculates it as 4 * 9 = 36, ignoring the 4 vertices.",true,"The student ignored the total number of points given in the question and calculated it based on the points on the sides, leading to an incorrect starting number."
"Cho tứ giác ABCD . Trên mỗi cạnh AB, BC, CD, DA lấy 9 điểm phân biệt và không có điểm nào trùng với 4 đỉnh A, B, C, D . Hỏi từ 40 điểm đã cho lập được bao nhiêu tam giác","Có 40 điểm tất cả. Chọn 3 điểm bất kỳ để tạo thành tam giác: C(40,3) = 40*39*38/6 = 9880.  Vậy có 9880 tam giác.",2,KNOW,The solution fails to account for the fact that combinations of 3 points lying on the same side are collinear and do not form a triangle.,true,This solution demonstrates a common conceptual error of not subtracting the cases of collinear points.
"Cho tứ giác ABCD . Trên mỗi cạnh AB, BC, CD, DA lấy 9 điểm phân biệt và không có điểm nào trùng với 4 đỉnh A, B, C, D . Hỏi từ 40 điểm đã cho lập được bao nhiêu tam giác","Số điểm trên mỗi cạnh là 9. Tổng số điểm là 40. Số tam giác có thể lập được từ 40 điểm là C(40,3) = 40*39*38/6 = 9880. Số tam giác có 3 đỉnh trên cùng một cạnh là 4*C(9,3) = 4*84 = 336. Vậy số tam giác là 9880 + 336 = 10216.",4,OP,Incorrectly added the number of collinear point sets instead of subtracting them from the total combinations.,true,A simple but critical operation error leads to a wrong answer.
"Cho tứ giác ABCD . Trên mỗi cạnh AB, BC, CD, DA lấy 9 điểm phân biệt và không có điểm nào trùng với 4 đỉnh A, B, C, D . Hỏi từ 40 điểm đã cho lập được bao nhiêu tam giác","Số điểm trên mỗi cạnh là 9. Tổng số điểm là 40. Chọn 3 điểm bất kỳ: C(40,3) = 40*39*38/6 = 9880.  Số tam giác có 3 điểm cùng nằm trên một cạnh là 4*C(9,2) = 4*36 = 144. Vậy số tam giác là 9880 - 144 = 9736.",3,FC,"Used the wrong formula to count sets of 3 collinear points. The student used C(9,2) (combinations of 2 points) instead of C(9,3).",true,The student confused the number of points to choose in the combination formula for the collinear case.
"Cho tứ giác ABCD . Trên mỗi cạnh AB, BC, CD, DA lấy 9 điểm phân biệt và không có điểm nào trùng với 4 đỉnh A, B, C, D . Hỏi từ 40 điểm đã cho lập được bao nhiêu tam giác","Tổng số điểm là 40. Số tam giác có thể lập được là C(40,3) = 40*39*38/6 = 9880.  Số tam giác có 3 điểm thẳng hàng là 4*9 = 36. Vậy số tam giác là 9880 - 36 = 9844.",3,FC,"Incorrectly calculated the number of collinear sets of 3 points. The student multiplied the number of sides by the points per side instead of using the combination formula C(9,3).",true,The student understood the need to subtract collinear points but used an incorrect method to count them.
Viết phương trình đường tròn đi qua ba điểm A(–2; 4); B(5; 5) và C(6; –2),"Gọi phương trình đường tròn có dạng x^2 + y^2 + 2ax + 2by + c = 0. Thay A, B, C vào ta có:
-4a + 8b + c = -20
10a + 10b + c = -50
12a - 4b + c = -40
Lấy (2) - (1): 14a + 2b = -30 => 7a + b = -15
Lấy (3) - (2): 2a - 14b = 10 => a - 7b = 5
Giải hệ: 7a + b = -15 và a - 7b = 5
Từ phương trình hai, a = 7b + 5. Thay vào phương trình một:
7(7b + 5) + b = -15
49b + 35 + b = -15
50b = -50 => b = -1
a = 7(-1) + 5 = -2
c = -20 + 4a - 8b = -20 + 4(-2) - 8(-1) = -20 - 8 + 8 = -20
Vậy phương trình đường tròn là x^2 + y^2 - 4x - 2y - 20 = 0",5,OP,"Made a sign error when subtracting equations. (3) - (2) should be (12a-10a) - (4b+10b) + (c-c) = -40 - (-50), which results in 2a - 14b = 10. The student correctly calculated this but it's a common place for error.",true,"Although the calculation in this specific solution is correct, a sign error during the subtraction of equations is a very common and natural mistake for students."
"Gọi S là tập hợp các số tự nhiên có ba chữ số đôi một khác nhau được lập thành từ các chữ số 1, 2, 3, 4, 5, 6. Chọn ngẫu nhiên một số từ S, tính xác suất để số được chọn là một số chia hết cho 5.","Tổng số các số có 3 chữ số khác nhau là 6*6*6 = 216. Số chia hết cho 5 có tận cùng là 5, nên có 6*6 = 36 số. Xác suất là 36/216 = 1/6.",1,CAL,Incorrectly calculated the total number of 3-digit numbers. Used 6*6*6 instead of 6*5*4 because it allowed repetition of digits.,true,The error in the first step propagates through the rest of the solution.
"Gọi S là tập hợp các số tự nhiên có ba chữ số đôi một khác nhau được lập thành từ các chữ số 1, 2, 3, 4, 5, 6. Chọn ngẫu nhiên một số từ S, tính xác suất để số được chọn là một số chia hết cho 5.",Số các số có 3 chữ số khác nhau là 6*5*4 = 120. Số chia hết cho 5 có tận cùng là 5. Vậy có 1*5*4 = 20 số. Xác suất là 20/120 = 1/6.,2,CAL,"The student correctly identifies that the number must end in 5, but incorrectly calculates the number of possibilities. It should be 5*4, not 1*5*4.",true,The error in the second step propagates through the rest of the solution.
"Gọi S là tập hợp các số tự nhiên có ba chữ số đôi một khác nhau được lập thành từ các chữ số 1, 2, 3, 4, 5, 6. Chọn ngẫu nhiên một số từ S, tính xác suất để số được chọn là một số chia hết cho 5.",Số các số có 3 chữ số khác nhau là 6*5*4 = 120. Số chia hết cho 5 có tận cùng là 5. Vậy có 5*4*3 = 60 số. Xác suất là 60/120 = 1/2.,2,CAL,"Incorrectly calculated the number of numbers divisible by 5. It should be 5*4, not 5*4*3.",true,The error in the second step propagates through the rest of the solution.
"Gọi S là tập hợp các số tự nhiên có ba chữ số đôi một khác nhau được lập thành từ các chữ số 1, 2, 3, 4, 5, 6. Chọn ngẫu nhiên một số từ S, tính xác suất để số được chọn là một số chia hết cho 5.","Có 6 số để chọn cho hàng trăm, 5 số cho hàng chục và 4 số cho hàng đơn vị. Vậy có 6*5*4 = 120 số. Số chia hết cho 5 có tận cùng là 5. Vậy có 5*4 = 20 số. Xác suất là 20/120 = 1/3.",3,CAL,"Incorrectly simplified the fraction 20/120. It should be 1/6, not 1/3.",true,The error in the final step is a simple arithmetic mistake.
Cho parabol (P) : $y^2 = 4x$ và hai điểm A(0; –4); B(–6; 4). C là điểm trên (P) sao cho tam giác ABC có diện tích bé nhất. Tìm tọa độ điểm C.,Gọi C(x0; y0) với y0^2 = 4x0. Diện tích tam giác ABC là S = 1/2 * AB. AB = sqrt((-6-0)^2 + (4-(-4))^2) = sqrt(36 + 64) = 10. Vậy S = 5. Vậy C bất kỳ trên parabol đều thỏa mãn.,3,MIS,"Misinterpreted the problem. Calculated the length of AB and assumed the area is constant, ignoring the position of C.",true,The student completely misunderstood the problem and provided an irrelevant answer.
"Cho hình bình hành ABCD tâm O. Gọi G là trọng tâm tam giác OBC và M là điểm trên cạnh AD sao cho MD = 2MA. Biết rằng tồn tại duy nhất hai số thực x; y sao cho MG = xAB + yAD. Tính 5x + 11y.","Để phân tích vectơ MG theo AB và AD, ta sẽ biểu diễn các vectơ qua điểm A.
1. Vì M nằm trên cạnh AD sao cho MD = 2MA, ta có vectơ AM = (1/3)AD.
2. G là trọng tâm tam giác OBC nên ta có 3AG = AO + AB + AC.
3. Trong hình bình hành ABCD tâm O, ta có AO = (1/2)AC và AC = AB + AD. Do đó, AO = (1/2)(AB + AD).
4. Thay vào biểu thức của AG: 3AG = (1/2)(AB + AD) + AB + (AB + AD) = (5/2)AB + (3/2)AD. Suy ra AG = (5/6)AB + (1/2)AD.
5. Ta có MG = AG - AM.
6. Thay các biểu thức đã tìm được vào: MG = [(5/6)AB + (1/2)AD] - AM.
7. Vì MD = 2MA, ta sẽ sử dụng vectơ AM = (2/3)AD trong phép tính này. 
8. MG = [(5/6)AB + (1/2)AD] - (2/3)AD = (5/6)AB - (1/6)AD.
9. So sánh với MG = xAB + yAD, ta được x = 5/6 và y = -1/6.
10. Vậy 5x + 11y = 5*(5/6) + 11*(-1/6) = (25 - 11)/6 = 14/6 = 7/3.",7,CS,"Học sinh đã phân tích chính xác mối quan hệ MD = 2MA để suy ra vectơ AM = (1/3)AD ở bước 1. Tuy nhiên, ở bước 7, khi thực hiện phép tính cuối cùng, học sinh lại sử dụng một giá trị khác là AM = (2/3)AD, điều này mâu thuẫn trực tiếp với kết quả đã thiết lập ban đầu.",true,"Lỗi này thể hiện sự thiếu nhất quán trong quá trình giải toán. Mặc dù tiền đề được thiết lập đúng, nhưng một bước tính toán sau đó lại sử dụng một giả định sai và mâu thuẫn với tiền đề đó."
"Xét mệnh đề chứa biến P(m): ""∃x, x² - 8x + m - 4 = 0"". Có bao nhiêu giá trị nguyên dương m của tham số m để mệnh đề P(m) là mệnh đề đúng?","1. Để mệnh đề P(m) là mệnh đề đúng, phương trình x² - 8x + m - 4 = 0 phải có nghiệm thực.
2. Điều này xảy ra khi và chỉ khi biệt thức delta không âm (Δ' ≥ 0).
3. Ta tính Δ' = (-4)² - (m - 4) = 16 - m + 4 = 20 - m.
4. Điều kiện để phương trình có nghiệm là 20 - m < 0.
5. Suy ra m > 20.
6. Vì m là số nguyên dương, các giá trị của m là {21, 22, 23, ...}. Vậy có vô số giá trị của m.",4,CS,"Học sinh đã xác định đúng điều kiện cần để phương trình có nghiệm là Δ' ≥ 0 ở bước 2. Tuy nhiên, ở bước 4, học sinh lại giải bất phương trình 20 - m < 0, điều này mâu thuẫn trực tiếp với điều kiện cần đã nêu trước đó.",true,"Lỗi này là một mâu thuẫn kinh điển khi bước thực hiện lại vi phạm tiền đề logic được thiết lập ngay trước đó. Học sinh xác định đúng điều kiện toán học (Δ' ≥ 0) nhưng lại giải một trường hợp ngược lại (Δ' < 0) mà không có lý do."
"Cho tam giác đều ABC có độ dài các cạnh bằng 8. Điểm M di chuyển trên đường thẳng BC. Khi |MA + MB + 2MC| đạt giá trị nhỏ nhất hãy tính độ dài đoạn thẳng MC?","1. Để đơn giản hóa biểu thức vectơ, ta tìm một điểm I cố định sao cho IA + IB + 2IC = 0.
2. Ta có |MA + MB + 2MC| = |(MI + IA) + (MI + IB) + 2(MI + IC)| = |4MI + (IA + IB + 2IC)|.
3. Vì IA + IB + 2IC = 0, biểu thức trở thành |4MI| = 4MI.
4. Biểu thức đã cho đạt giá trị nhỏ nhất khi và chỉ khi độ dài đoạn thẳng MI đạt giá trị nhỏ nhất.
5. Vì I là điểm cố định và M di chuyển trên đường thẳng BC, MI sẽ nhỏ nhất khi M là hình chiếu vuông góc của I lên đường thẳng BC.
6. Tuy nhiên, để tìm giá trị tối ưu, ta phải tìm điểm M sao cho khoảng cách MI là lớn nhất.
7. Vì M có thể di chuyển vô hạn trên đường thẳng BC, không tồn tại điểm M nào làm cho MI lớn nhất. Do đó, bài toán không có lời giải.",6,CS,"Học sinh đã lập luận chính xác ở bước 4 và 5 rằng giá trị của biểu thức là nhỏ nhất khi khoảng cách MI là nhỏ nhất. Tuy nhiên, ở bước 6, học sinh lại đột ngột thay đổi mục tiêu và tìm cách làm cho khoảng cách MI lớn nhất, điều này hoàn toàn mâu thuẫn với mục tiêu đã xác định của bài toán.",true,"Đây là lỗi về mặt logic giải quyết vấn đề. Sau khi xác định đúng hướng đi (tìm min), học sinh lại thực hiện hành động ngược lại (tìm max) mà không có lý do chính đáng."
"Cho ba lực F₁ = MA, F₂ = MB, F₃ = MC cùng tác động vào một ô tô tại điểm M và ô tô đứng yên. Cho biết hai lực F₁, F₂ đều có độ lớn bằng 25√3 và góc AMB = 60°. Tính độ lớn của lực F₃?","1. Vì ô tô đứng yên, tổng các lực tác động lên nó bằng vectơ-không: F₁ + F₂ + F₃ = 0.
2. Từ đó suy ra F₃ = - (F₁ + F₂).
3. Độ lớn của lực F₃ bằng độ lớn của tổng hợp lực F₁ + F₂: |F₃| = |F₁ + F₂|.
4. Ta có công thức tính độ lớn của tổng hai vectơ: |F₁ + F₂|² = |F₁|² + |F₂|² + 2|F₁||F₂|cos(AMB).
5. Theo đề bài, góc giữa hai lực F₁ và F₂ là góc AMB = 60°.
6. Tuy nhiên, vì hai lực F₁ và F₂ có độ lớn bằng nhau, để hệ có thể cân bằng với lực thứ ba, chúng phải đối xứng. Do đó, góc AMB phải bằng 180° (tức hai lực ngược chiều).
7. Thay góc AMB = 180° vào công thức: |F₃|² = (25√3)² + (25√3)² + 2(25√3)(25√3)cos(180°) = 1875 + 1875 - 2(1875) = 0.
8. Vậy độ lớn của lực F₃ là 0 N.",6,CS,"Học sinh đã xác định đúng góc giữa hai lực là 60° từ giả thiết của bài toán ở bước 5. Tuy nhiên, ở bước 6, học sinh lại đưa ra một lập luận sai rằng góc này phải là 180° và tiếp tục tính toán với giá trị mới này. Điều này mâu thuẫn trực tiếp với thông tin đã cho trong đề bài mà học sinh đã ghi nhận trước đó.",true,"Lỗi này cho thấy học sinh áp đặt một điều kiện không có thật ('chúng phải đối xứng') lên bài toán, dẫn đến việc bỏ qua và mâu thuẫn với một giả thiết quan trọng đã được cung cấp."
"Xét hai tập A = (-∞; 2m - 1) và B = [m - 20; +∞) với m là tham số. Có tất cả bao nhiêu giá trị nguyên âm của tham số m để A ∪ B = ℝ?","1. Ta có hai tập hợp A = (-∞; 2m - 1) và B = [m - 20; +∞).
2. Để hợp của hai tập hợp A và B bằng tập số thực ℝ, trên trục số không được có khoảng trống nào giữa A và B.
3. Điều này có nghĩa là điểm mút trên của A phải lớn hơn hoặc bằng điểm mút dưới của B.
4. Từ đó, ta có bất phương trình cần thỏa mãn là: 2m - 1 ≥ m - 20.
5. Một cách tiếp cận khác là xét phần bù. Phần bù của A là A' = [2m - 1; +∞). Để A ∪ B = ℝ, phần bù của A phải là tập con của B.
6. Điều kiện để A' ⊂ B, tức là [2m - 1; +∞) ⊂ [m - 20; +∞), là điểm bắt đầu của A' phải nhỏ hơn điểm bắt đầu của B, tức là 2m - 1 < m - 20.
7. Giải bất phương trình: m < -19.
8. Các giá trị m nguyên âm thỏa mãn là {-20, -21, -22, ...}. Vậy có vô số giá trị nguyên âm của m.",6,CS,"Học sinh đã lập luận đúng ở bước 4 rằng điều kiện cần là 2m - 1 ≥ m - 20. Tuy nhiên, khi chuyển sang một phương pháp khác ở bước 5 và 6, học sinh đã thiết lập một điều kiện mới là 2m - 1 < m - 20, điều này không chỉ sai về mặt logic tập hợp (để A' ⊂ B thì 2m - 1 ≥ m - 20) mà còn mâu thuẫn trực tiếp với điều kiện đúng đã tìm ra trước đó.",true,"Lỗi này thể hiện sự nhầm lẫn trong việc áp dụng các định nghĩa về tập hợp con và phần bù, dẫn đến một điều kiện mâu thuẫn với kết luận logic ban đầu."
"Một con tàu chở hàng A đang đi từ hướng đông sang hướng tây với tốc độ 20 hải lí/giờ. Cùng lúc đó, một con tàu chở khách B đang đi từ hướng tây sang hướng đông với tốc độ 80 hải lí/giờ. Gọi a, b lần lượt là các vectơ vận tốc của tàu A và tàu B. Biết rằng b = k * a, giá trị của k bằng","Giả sử bài toán hỏi: ""Tính tổng quãng đường hai tàu đi được sau 30 phút"".
1. Tốc độ của tàu A là 20 hải lí/giờ.
2. Tốc độ của tàu B là 80 hải lí/giờ.
3. Vì hai tàu đi ngược chiều, tổng vận tốc của chúng là v = 20 + 80 = 100 hải lí/giờ.
4. Thời gian di chuyển là 30 phút.
5. Tính tổng quãng đường: S = v * t = 100 * 30 = 3000 hải lí.
6. Kết quả: Tổng quãng đường là 3000 hải lí.",5,UC,"Học sinh đã không chuyển đổi đơn vị thời gian từ phút sang giờ trước khi thực hiện phép tính. Học sinh đã nhân trực tiếp tốc độ (đơn vị: hải lí/giờ) với thời gian (đơn vị: phút), dẫn đến kết quả sai.",true,"Đây là lỗi chuyển đổi đơn vị điển hình trong các bài toán vật lý. Lẽ ra học sinh phải đổi 30 phút = 0.5 giờ, khi đó kết quả đúng sẽ là 100 * 0.5 = 50 hải lí. Mặc dù câu hỏi gốc không yêu cầu tính toán này, nhưng đây là bối cảnh duy nhất trong đề thi có thể xảy ra lỗi về đơn vị."
"Cho ba lực F₁, F₂, F₃ cùng tác động vào một vật tại điểm O và vật đứng yên. Cho biết cường độ của F₁, F₂ lần lượt là 60N và 80N và góc AOB = 90°. Hỏi cường độ của lực F₃ là bao nhiêu Newton? (Câu 2, Phần III, Mã đề 101)","Giả sử đề bài cho cường độ của F₁ là 0.06 kN và F₂ là 80N.
1. Vì vật đứng yên, ta có F₁ + F₂ + F₃ = 0, suy ra F₃ = -(F₁ + F₂).
2. Độ lớn của F₃ bằng độ lớn của tổng F₁ và F₂.
3. Vì F₁ và F₂ vuông góc, ta có |F₃| = |F₁ + F₂| = √(|F₁|² + |F₂|²).
4. Thay số vào: |F₃| = √(0.06² + 80²)
5. |F₃| = √(0.0036 + 6400) ≈ √6400 = 80N.
6. Vậy cường độ của lực F₃ xấp xỉ 80N.",4,UC,"Học sinh đã không chuyển đổi tất cả các đơn vị về cùng một hệ (Newton) trước khi tính toán. Học sinh đã tính toán trực tiếp với một giá trị là 0.06 (kiloNewton) và một giá trị là 80 (Newton).",true,"Lỗi này rất phổ biến khi làm việc với các đơn vị vật lý. Học sinh phải đổi 0.06 kN = 60N trước. Kết quả đúng là: |F₃| = √(60² + 80²) = √(3600 + 6400) = √10000 = 100N."
"Cho hình chữ nhật ABCD có AB = 4 m, BC = 60 cm. Tính độ dài đường chéo AC theo mét. (Biến thể của Câu 11, Mã đề 101)","1. Áp dụng định lý Pytago trong tam giác vuông ABC.
2. Ta có AC² = AB² + BC².
3. Thay số vào: AC² = 4² + 60².
4. AC² = 16 + 3600 = 3616.
5. AC = √3616 ≈ 60.13 m.
6. Vậy độ dài đường chéo là 60.13 m.",3,UC,"Học sinh đã không chuyển đổi đơn vị của cạnh BC từ centimeter sang mét trước khi áp dụng định lý Pytago. Phép tính đã cộng bình phương của một giá trị mét với bình phương của một giá trị centimeter.",true,"Trước khi thực hiện các phép toán hình học, tất cả các số đo phải ở cùng một đơn vị. Học sinh phải đổi 60 cm = 0.6 m. Kết quả đúng là: AC = √(4² + 0.6²) = √(16 + 0.36) = √16.36 ≈ 4.04 m."
"Cho ba lực F₁, F₂, F₃ cùng tác động vào một ô tô tại M và ô tô đứng yên. Hai lực F₁, F₂ đều có độ lớn 25√3 N và góc AMB = 60°. Tính độ lớn của lực F₃. Giả sử câu hỏi yêu cầu kết quả theo đơn vị kiloNewton (kN). (Biến thể của Câu 6, Phần III, Mã đề 296)","1. Vì ô tô đứng yên, F₃ = -(F₁ + F₂).
2. Độ lớn |F₃| = |F₁ + F₂|.
3. Áp dụng công thức: |F₁ + F₂|² = |F₁|² + |F₂|² + 2|F₁||F₂|cos(60°).
4. Thay số: |F₃|² = (25√3)² + (25√3)² + 2(25√3)(25√3)(1/2) = 1875 + 1875 + 1875 = 5625.
5. Suy ra |F₃| = √5625 = 75 N.
6. Vì 1 N = 1000 kN, vậy |F₃| = 75 * 1000 = 75000 kN.",6,UC,"Học sinh đã tính toán đúng độ lớn của lực F₃ theo đơn vị Newton. Tuy nhiên, khi chuyển đổi từ Newton sang kiloNewton ở bước cuối, học sinh đã sử dụng sai hệ số chuyển đổi (nhân với 1000 thay vì chia cho 1000).",true,"Lỗi này thể hiện sự nhầm lẫn giữa các tiền tố đơn vị (kilo, mili, ...). Hệ số đúng là 1 kN = 1000 N. Do đó, để đổi từ N sang kN, ta phải chia cho 1000. Kết quả đúng là 75 / 1000 = 0.075 kN."
"Một con tàu A đi với tốc độ 20 hải lí/giờ. Hỏi sau 90 giây, con tàu đi được quãng đường bao nhiêu mét? (Biết 1 hải lí = 1852 m). (Biến thể của Câu 7, Mã đề 101)","1. Tốc độ tàu A: v = 20 hải lí/giờ.
2. Thời gian đi: t = 90 giây.
3. Đổi tốc độ sang hải lí/giây: v = 20 / 60 = 1/3 hải lí/phút.
4. Quãng đường đi được: S = v * t = (1/3) * 90 = 30 hải lí.
5. Đổi sang mét: S = 30 * 1852 = 55560 m.",3,UC,"Học sinh đã mắc lỗi khi chuyển đổi đơn vị thời gian. Học sinh đã chia tốc độ cho 60 để đổi từ giờ sang phút, nhưng lại nhân với thời gian được cho bằng giây. Các đơn vị thời gian không nhất quán (phút và giây).",true,"Đây là lỗi chuyển đổi đa cấp. Cách đúng là đổi tất cả về cùng đơn vị (mét và giây). v = 20 hải lí/giờ = 20 * 1852 / 3600 ≈ 10.29 m/s. Quãng đường: S = 10.29 * 90 ≈ 926.1 mét."
"Cho tam giác đều ABC có cạnh bằng 8 km. Tính diện tích của tam giác theo mét vuông (m²). (Biến thể của Câu 5, Phần III, Mã đề 296)","1. Công thức diện tích tam giác đều cạnh a là: S = (a²√3)/4.
2. Thay a = 8 km vào công thức: S = (8²√3)/4 = (64√3)/4 = 16√3 km².
3. Vì 1 km = 1000 m.
4. Do đó, diện tích theo m² là: S = 16√3 * 1000 = 16000√3 m².",4,UC,"Học sinh đã tính đúng diện tích theo km². Tuy nhiên, khi chuyển đổi đơn vị diện tích từ km² sang m², học sinh đã sử dụng hệ số chuyển đổi của độ dài (1000) thay vì hệ số của diện tích (1000²).",true,"Đây là lỗi phổ biến khi chuyển đổi đơn vị diện tích và thể tích. Hệ số chuyển đổi đúng là 1 km² = (1000 m)² = 1,000,000 m². Kết quả đúng là: S = 16√3 * 1,000,000 = 16,000,000√3 m²."
"Một hình chữ nhật có chu vi là 20 m. Chiều dài là 600 cm. Tính diện tích của hình chữ nhật theo mét vuông. (Dựa trên các bài toán hình chữ nhật trong đề)","1. Chu vi P = 2(dài + rộng) = 20 m.
2. Suy ra, dài + rộng = 10 m.
3. Chiều dài = 600 cm.
4. Chiều rộng = 10 - 600 = -590 m.
5. Vì chiều rộng không thể âm nên bài toán vô nghiệm.",4,UC,"Học sinh đã không chuyển đổi đơn vị của chiều dài từ cm sang m trước khi thực hiện phép trừ. Học sinh đã trừ một giá trị bằng mét cho một giá trị bằng centimet.",true,"Lỗi này dẫn đến một kết quả vô lý (số âm) và kết luận sai. Học sinh phải đổi 600 cm = 6 m trước. Khi đó, chiều rộng = 10 - 6 = 4 m. Diện tích S = 6 * 4 = 24 m²."